patent_number,kind,type,provenance,title,assignee,matched_assignee,inventor,priority_date,filing_date,publication_date,grant_date,pdf,google_patents_url,abstract
AU2019234104B2,B2,grant,other_assignee, Systems and methods of publishing a design,Canva Pty Ltd.,Snap Inc,Melanie Joy Perkins,2018-03-16,2019-03-14,2023-03-30,2023-03-30,https://patentimages.storage.googleapis.com/95/2f/42/45c2995dacd4e3/AU2019234104B2.pdf,https://patents.google.com/patent/AU2019234104B2/en,"A method includes storing, at one or more data storage devices, a design in a platform-independent format. The method also includes generating, at a web front end, a GUI including a publish option associated with the design. The method includes sending the GUI to a client device. The method also &hellip;"
CN107111828A,A,application,snap_filed, Prioritization of messages,斯纳普公司,Snap Inc|Snapchat Inc,T·M·塞恩,2014-10-24,2015-10-22,2017-08-29,,https://patentimages.storage.googleapis.com/50/e4/3f/fce13c6a592579/CN107111828A.pdf,https://patents.google.com/patent/CN107111828A/en,"Another way to evaluate the content is to evaluate the sender of the message. For example, if the sender of the message is a sponsor or <b>assignor</b>, the priority parameter is assigned according to the weight of favor attributed to the sponsoring sender or the assigning sender. Other factors that may &hellip;"
CN107273415A,A,application,snap_filed, Peer system can search for by the subject index based on instant messaging,史奈普查特股份有限公司,Snap Inc,A·A·仲,2012-12-06,2013-11-29,2017-10-20,,https://patentimages.storage.googleapis.com/c1/6c/8e/b1d7ec01dd1a6f/CN107273415A.pdf,https://patents.google.com/patent/CN107273415A/en,"&hellip;  the method to the Information locating on the theme, wherein identifying one The theme of dialogue includes： Identify one or more keyword of one dialogue； One or more of keywords are compared with the list of predetermined theme；And Based on it is described compare to one dialogue <b>assign</b> the theme."
CN107430767A,A,application,snap_filed, Object recognition based photo filters,斯纳普公司,Snap Inc|Snapchat Inc,S·昌,2015-01-09,2016-01-08,2017-12-01,,https://patentimages.storage.googleapis.com/c1/16/b5/a4e35f498461c7/CN107430767A.pdf,https://patents.google.com/patent/CN107430767A/en,Systems and methods for generating and distributing photo filters are described. The photo filter publishing application receives the filter data and the object criteria and generates a photo filter based on the filter data. The photo filter is associated with satisfaction of the object criteria.
CN109074390B,B,grant,snap_filed," Method and system for generation, curation and presentation of media &hellip;",斯纳普公司,Snap Inc,S·昌,2016-02-26,2017-02-23,2022-09-16,2022-09-16,https://patentimages.storage.googleapis.com/e9/72/90/f52b6cc40262fe/CN109074390B.pdf,https://patents.google.com/patent/CN109074390B/en,"&hellip;  activity, and the like. The list of media sets may include a list of all active media sets 212 and a list of upcoming media sets 214 . Each table may include an indication of what operator or curator 216 to <b>assign</b> to each media set. There may be one or more operators 108 assigned to each media set."
CN109247071A,A,application,snap_filed, Variable geo-fencing system,斯纳普公司,Snapchat Inc,F·阿兹穆迪,2016-04-04,2017-04-04,2019-01-18,,https://patentimages.storage.googleapis.com/5c/ff/4c/459d6865504b24/CN109247071A.pdf,https://patents.google.com/patent/CN109247071A/en,"In various embodiments, the boundaries of a geofence can be made variable based on the principles described herein. The term &#34;variable&#34; refers to the ability of something (in this case, the boundaries of a geofence) to change and adjust. In certain embodiments, a variable geofence system is &hellip;"
CN109247071B,B,grant,snap_filed, Variable Geofencing System,斯纳普公司,Snap Inc,F·阿兹穆迪,2016-04-04,2017-04-04,2021-11-02,2021-11-02,https://patentimages.storage.googleapis.com/33/47/43/9a5242e973e9f9/CN109247071B.pdf,https://patents.google.com/patent/CN109247071B/en,"receive event information including duration and media content; computing a value for the geofence based on the activity information and the predicted usage metric; and <b>Assign</b> the value to the geofence. 3. The computer-implemented method of claim 2, wherein the value of the geofence comprises a &hellip;"
CN109716781B,B,grant,snap_filed," System, apparatus, medium, and method for real-time rendering of video streams",斯纳普公司,Snap Inc,Y·莫纳斯提尔申,2016-07-18,2017-07-18,2021-12-21,2021-12-21,https://patentimages.storage.googleapis.com/d6/a4/94/8499d31c22a9f6/CN109716781B.pdf,https://patents.google.com/patent/CN109716781B/en,"Systems, apparatuses, media and methods for real-time rendering of video streams are provided. Systems and methods receive a frame depicting a portion of a face, identify a user input, and identify a location on the portion of the face corresponding to the user input. Systems and methods generate &hellip;"
CN109863532B,B,grant,snap_filed, Generate and display custom avatars in media overlays,斯纳普公司,Snap Inc,T·J·加西亚,2016-10-24,2017-10-23,2024-02-13,2024-02-13,https://patentimages.storage.googleapis.com/37/5c/06/bd9c6654fc5e3e/CN109863532B.pdf,https://patents.google.com/patent/CN109863532B/en,"Among other things, embodiments of the present disclosure improve the functionality of electronic messaging and imaging software and systems by generating and displaying media overlays with avatars of different users. For example, media overlays may be generated by the system and displayed in &hellip;"
CN110046274A,A,application,snap_filed, The system and method that Photo Filter is presented,斯纳普公司,Snap Inc,S·昌,2015-01-09,2016-01-08,2019-07-23,,https://patentimages.storage.googleapis.com/18/b2/c2/514134ef7eb6a3/CN110046274A.pdf,https://patents.google.com/patent/CN110046274A/en,"Systems and methods for generating and distributing photo filters are described. The photo filter publishing application receives filter data and object criteria, and generates photo filters based on the filter data. Photo filters are associated with the satisfaction of object criteria. The photo &hellip;"
CN110046274B,B,grant,snap_filed, Systems and methods for presenting photo filters,斯纳普公司,Snap Inc,S·昌,2015-01-09,2016-01-08,2023-07-21,2023-07-21,https://patentimages.storage.googleapis.com/56/01/da/52e098b63f6523/CN110046274B.pdf,https://patents.google.com/patent/CN110046274B/en,"Systems and methods for generating and distributing photo filters are described. The photo filter publishing application receives filter data and object criteria, and generates photo filters based on the filter data. Photo filters are associated with the fulfillment of object criteria. The photo &hellip;"
CN110050283A,A,application,snap_filed, Customized user-controlled media overlay,斯纳普公司,Snap Inc,N·H·阿尔马吉德,2016-12-09,2017-12-08,2019-07-23,,https://patentimages.storage.googleapis.com/1b/1a/39/8a9783a6b2fad2/CN110050283A.pdf,https://patents.google.com/patent/CN110050283A/en,"&hellip;  stored in database 120 and accessed through database server 118 . In some exemplary embodiments, as discussed in greater detail below, embodiments of the present disclosure may generate media overlays, display media overlays, <b>assign</b> media overlays, and apply media overlays to media content items."
CN110300951B,B,grant,snap_filed, Media item attachment system,斯纳普公司,Snap Inc,N·H·阿尔马吉德,2017-02-20,2018-02-20,2022-11-01,2022-11-01,https://patentimages.storage.googleapis.com/a8/ae/ff/6eb6c3f03193c0/CN110300951B.pdf,https://patents.google.com/patent/CN110300951B/en,"1. A method for media item attachment, comprising: generating, at a client device, a data object comprising a first media item; in response to generating the data object at the client device, presenting an interface including an option to <b>assign</b> a second media item to the data object; receiving a &hellip;"
CN111542847B,B,grant,snap_filed, Label distribution visualization system,斯纳普公司,Snap Inc,A·麦克斯维尔,2018-01-03,2019-01-03,2024-06-14,2024-06-14,https://patentimages.storage.googleapis.com/f5/62/84/a8439b6e50687d/CN111542847B.pdf,https://patents.google.com/patent/CN111542847B/en,"In response to the identification of the activity based on the tag of the first message request, a geofence is generated surrounding the location identified by the first location data of the first message request; <b>Assign</b> the geofence to the activity; Receive a second message request, the second &hellip;"
CN113383336B,B,grant,snap_filed, Third party application management,斯纳普公司,Snap Inc,J·詹森,2018-12-28,2019-12-27,2025-07-29,2025-07-29,,https://patents.google.com/patent/CN113383336B/en,"The virtual currency component 204 manages virtual currencies within the social networking system. For example, the virtual currency component 204 may <b>assign</b> a quantity of virtual currency to one or more user accounts. The virtual currency component 204 may manage the currency balance within the &hellip;"
CN113874813B,B,grant,snap_filed, Wearable Device Location Accuracy System,斯纳普公司,Snap Inc,Y·J·塔姆,2019-05-30,2020-05-29,2024-10-01,2024-10-01,https://patentimages.storage.googleapis.com/4c/67/ea/86f04abc8575e9/CN113874813B.pdf,https://patents.google.com/patent/CN113874813B/en,"Client companion device 314 may also be any device described herein that accesses a network via another device, such as client device 310. Client companion device 314 includes image sensor 316, wireless input and output (I/O) 317, and elements of location system 360 (for example, to <b>assign</b> general &hellip;"
CN113892095B,B,grant,snap_filed, Context-based media curation,斯纳普公司,Snap Inc,K·安瓦里普尔,2019-03-29,2020-03-26,2026-05-08,2026-05-08,,https://patents.google.com/patent/CN113892095B/en,"7. The system of claim 6, wherein the instructions cause the system to perform operations further comprising: A request to <b>assign</b> one or more media tags to at least a portion of the plurality of media items is received. 8. The system of claim 6, wherein the collection of media content comprises one &hellip;"
CN114008677B,B,grant,snap_filed, Three-dimensional model optimization,斯纳普公司,Snap Inc,G·埃斯罕,2019-04-26,2019-09-20,2025-08-19,2025-08-19,,https://patents.google.com/patent/CN114008677B/en,"Methods, systems, and apparatus for optimizing three-dimensional models, including computer programs encoded on computer storage media. The method includes determining, for a three-dimensional model of an object to be optimized, a plurality of points on the object, each point having at least a &hellip;"
CN114143570B,B,grant,snap_filed, Real-time rendering of video streams,斯纳普公司,Snap Inc,Y·莫纳斯提尔申,2016-07-18,2017-07-18,2025-07-29,2025-07-29,,https://patents.google.com/patent/CN114143570B/en,"Systems, apparatus, media, and methods are provided for generating a graphical representation in real time within a frame of a video stream. The systems and methods receive a frame depicting a portion of a face, recognize user input, and identify a location on the portion of the face corresponding &hellip;"
CN114207567B,B,grant,snap_filed, Message thread prioritization interface,斯纳普公司,Snap Inc,J·沃斯,2019-08-05,2020-08-05,2024-08-06,2024-08-06,https://patentimages.storage.googleapis.com/b6/1c/1e/2f41517047ac81/CN114207567B.pdf,https://patents.google.com/patent/CN114207567B/en,"In response to assigning the message thread to the assignable region, the message prioritization interface may <b>assign</b> one or more graphical icons to a display of the message thread to provide an indication that the message thread has been pinned to a first location in the GUI corresponding to the &hellip;"
CN114615227A,A,application,snap_filed, Device location based on machine learning classification,斯纳普公司,Snap Inc,E·J·查尔顿,2017-08-31,2018-08-31,2022-06-10,,https://patentimages.storage.googleapis.com/4e/7c/72/f4a0ea93634722/CN114615227A.pdf,https://patents.google.com/patent/CN114615227A/en,"For example, &#34;Tunni&#39;s family Italian restaurant-the best world! Abstract to an italian restaurant location type, it may be easier to <b>assign</b> a tag to it and store it on the limited memory of the client device (e.g., smartphone). Each category and sub-category may have a metadata tag describing the &hellip;"
CN115004714A,A,application,snap_filed, Selecting avatars to be included in an on-demand generated video,斯纳普公司,Snap Inc,布雷德利·科措普洛斯,2020-01-30,2021-01-28,2022-09-02,,https://patentimages.storage.googleapis.com/89/c0/f5/41029cae579ecb/CN115004714A.pdf,https://patents.google.com/patent/CN115004714A/en,The method begins with a processor causing an Electronic Program Guide (EPG) to be displayed on a first client device associated with a first user. The processor detects selection of a selectable item included in an EPG associated with the media content item by a first user. The processor &hellip;
CN115004714B,B,grant,snap_filed, Select the avatars to include in the on-demand video,斯纳普公司,Snap Inc,布雷德利·科措普洛斯,2020-01-30,2021-01-28,2024-12-31,2024-12-31,https://patentimages.storage.googleapis.com/8f/7e/12/6594662ae09bcf/CN115004714B.pdf,https://patents.google.com/patent/CN115004714B/en,The method begins with a processor causing an Electronic Program Guide (EPG) to be displayed on a first client device associated with a first user. The processor detects a first user selection of a selectable item included in an EPG associated with the media content item. The processor identifies &hellip;
CN115039401A,A,application,snap_filed, Video generation system for rendering frames on demand,斯纳普公司,Snap Inc,阿兰·巴里尔,2020-01-30,2021-01-22,2022-09-09,,https://patentimages.storage.googleapis.com/ae/ce/20/3e4e5003af9630/CN115039401A.pdf,https://patents.google.com/patent/CN115039401A/en,The method of generating frames on demand begins with the system receiving a request for an item of media content from a client device. The request includes the media content identification and the primary user identification. The system sends a playlist including the first set of media content &hellip;
CN115039401B,B,grant,snap_filed, Video generation system for rendering frames on demand,斯纳普公司,Snap Inc,阿兰·巴里尔,2020-01-30,2021-01-22,2024-01-26,2024-01-26,https://patentimages.storage.googleapis.com/40/62/55/cd9389c4f8ca70/CN115039401B.pdf,https://patents.google.com/patent/CN115039401B/en,The method of generating frames on demand begins with the system receiving a request for a media content item from a client device. The request includes the media content identification and primary user identification. The system sends a playlist including segments of the first set of media &hellip;
CN115455209B,B,grant,snap_filed," Methods and systems for the generation, curation and presentation of media &hellip;",斯纳普公司,Snap Inc,S·昌,2016-02-26,2017-02-23,2025-06-20,2025-06-20,https://patentimages.storage.googleapis.com/d2/4c/24/d6f55dcc5051ea/CN115455209B.pdf,https://patents.google.com/patent/CN115455209B/en,"Systems and methods are provided for receiving, at a server computer, a plurality of content messages from a plurality of content sources, each content message including media content and associated with a predetermined media set, for each content message in the received plurality of content &hellip;"
CN115474153B,B,grant,snap_filed, Wearable device location system architecture,斯纳普公司,Snap Inc,Y·J·塔姆,2019-05-30,2020-05-29,2025-08-01,2025-08-01,,https://patents.google.com/patent/CN115474153B/en,"Client companion device 314 may also be any device described herein that accesses a network via another device, such as client device 310. Client companion device 314 includes image sensor 316, wireless input and output (I/O) 317, and elements of location system 360 (for example, to <b>assign</b> general &hellip;"
CN115516445B,B,grant,snap_filed, Voice-based selection of augmented reality content for detected objects,斯纳普公司,Snap Inc,约瑟夫·蒂莫西·福捷,2020-03-26,2021-03-25,2026-04-28,2026-04-28,,https://patents.google.com/patent/CN115516445B/en,"&hellip;  image and an action performed on the object; Determine the first attribute of the object; <b>Assign</b> a weight to each of the first attributes in the first attributes of the object; Based on the assigned weights and the second attribute of the action, multiple augmented reality content items are ranked. &hellip;"
CN115668263A,A,application,snap_filed, Identification of physical products for augmented reality experience in &hellip;,斯纳普公司,Snap Inc,吉恩·罗,2020-04-01,2021-03-18,2023-01-31,,https://patentimages.storage.googleapis.com/a4/1c/5e/a93473b1fa2440/CN115668263A.pdf,https://patents.google.com/patent/CN115668263A/en,The subject technology receives image data that includes a representation of a physical item. The subject technology analyzes image data to determine objects that correspond to physical items. The subject technology extracts product metadata based on the determined objects. The subject technology &hellip;
CN115777113B,B,grant,snap_filed, Message system for redisplaying content items,斯纳普公司,Snap Inc,乔纳森·达勒·布罗迪,2020-06-30,2021-06-21,2023-10-24,2023-10-24,https://patentimages.storage.googleapis.com/c0/7e/9f/2b18b29732ac4d/CN115777113B.pdf,https://patents.google.com/patent/CN115777113B/en,"Methods, computer-readable storage media, and apparatuses for redisplaying content items in a messaging system. The method may include storing a content item generated by a client device of a user. The method may further include determining a time period to re-present to the user and the content &hellip;"
CN117280337A,A,application,snap_filed, Generating modified User Content that includes additional text content,斯纳普公司,Snap Inc,内森·肯尼斯·博伊德,2021-03-31,2022-03-31,2023-12-22,,https://patentimages.storage.googleapis.com/d9/80/d2/b501d9ccaabcf5/CN117280337A.pdf,https://patents.google.com/patent/CN117280337A/en,"In one or more implementations, user content items generated using a client application may be shared with users who are not contacts of users within the client application. A user interface may be generated indicating a plurality of recipients of the user content item, the user interface further &hellip;"
CN117678196A,A,application,snap_filed, Privacy Security Joint Identification Protocol,斯纳普公司,Snap Inc,阿普尔瓦·德斯潘德,2021-07-20,2022-07-20,2024-03-08,,https://patentimages.storage.googleapis.com/a5/30/bd/e55cac277a1d46/CN117678196A.pdf,https://patents.google.com/patent/CN117678196A/en,"Solve the technical problem of matching records in different data sets, such as host data sets and collaborators that store records representing corresponding users, while maintaining the privacy of each data set by providing a privacy-secure federated identification protocol. data set. The &hellip;"
CN117751450B,B,grant,snap_filed, Systems and methods for configuring display devices and display systems,斯纳普公司,Snap Inc,扬·凯尔斯,2021-08-05,2022-08-04,2025-11-14,2025-11-14,,https://patents.google.com/patent/CN117751450B/en,"In an embodiment of the present disclosure, the logic region includes registers, state machines, and pixel drive circuitry, and is used to receive image data from the outside, <b>assign</b> it to pixels in the active region, and route the lines in rows and columns so that connections to the LED pixels &hellip;"
CN117999584A,A,application,snap_filed, Deforming real-world objects using external meshes,斯纳普公司,Snap Inc,马坦·祖海尔,2021-09-20,2022-09-20,2024-05-07,,https://patentimages.storage.googleapis.com/10/d4/11/689f3ee8986e49/CN117999584A.pdf,https://patents.google.com/patent/CN117999584A/en,"Methods and systems are disclosed for performing operations including: receiving a video, the video comprising a depiction of a real world object; generating a three-dimensional (3D) body mesh associated with the real-world object, the three-dimensional (3D) body mesh tracking movement of the real &hellip;"
CN118647972A,A,application,snap_filed, Grouping content items in a shared content collection,斯纳普公司,Snap Inc,安德鲁·格罗夫纳·库珀,2021-12-30,2022-12-29,2024-09-13,,https://patentimages.storage.googleapis.com/17/21/c6/6ac41c3504158d/CN118647972A.pdf,https://patents.google.com/patent/CN118647972A/en,The content collection is shared between the first user and the second user. The content collection interface is presented on a second user device of a second user. The content collection interface enables the second user to browse the shared content collection. The shared content collection &hellip;
CN119815072B,B,grant,snap_filed, Select the avatars to include in the on-demand generated videos.,斯纳普公司,Snap Inc,布雷德利·科措普洛斯,2020-01-30,2021-01-28,2025-12-30,2025-12-30,,https://patents.google.com/patent/CN119815072B/en,This disclosure relates to selecting avatars to be included in on-demand generated video. The method begins with a processor displaying an Electronic Program Guide (EPG) on a first client device associated with a first user. The processor detects the first user&#39;s selection of options included in &hellip;
CN120583372A,A,application,snap_filed, Wearable device location system architecture,斯纳普公司,Snap Inc,Y·J·塔姆,2019-05-30,2020-05-29,2025-09-02,,,https://patents.google.com/patent/CN120583372A/en,"Client companion device 314 may also be any device described herein that accesses a network via another device, such as client device 310. Client companion device 314 includes image sensor 316, wireless input and output (I/O) 317, and elements of location system 360 (for example, to <b>assign</b> general &hellip;"
CN121437692A,A,application,snap_filed, Real-time body animation based on a single image,斯纳普公司,Snap Inc,叶戈尔·涅姆钦诺夫,2019-06-07,2020-05-20,2026-01-30,,,https://patents.google.com/patent/CN121437692A/en,"&hellip;  the three-dimensional mesh to generate a two-dimensional texture map. 16. The computing device of claim 11, wherein to generate the texture map comprises to <b>assign</b> a visible segment of the input image to a visible portion of the three-dimensional mesh corresponding to a visible portion of the body. &hellip;"
CN121531876A,A,application,snap_filed," Display devices, display systems and methods thereof",斯纳普公司,Snap Inc,扬·凯尔斯,2021-08-05,2022-08-04,2026-02-13,,,https://patents.google.com/patent/CN121531876A/en,"In an embodiment of the present disclosure, the logic region includes registers, state machines, and pixel drive circuitry, and is used to receive image data from the outside, <b>assign</b> it to pixels in the active region, and route the lines in rows and columns so that connections to the LED pixels &hellip;"
EP2248311B1,B1,grant,snap_filed, Method and system for message delivery in messaging networks,Snap Inc.,Snap Inc,Andrew David Banks,2008-01-25,2009-01-19,2018-11-21,2018-11-21,https://patentimages.storage.googleapis.com/60/e5/9a/1d048f27455446/EP2248311B1.pdf,https://patents.google.com/patent/EP2248311B1/en,WO2005/025155 discloses a communication method of sending and receiving messages between senders and receivers using communications lines that each have an identification and using the identifications to <b>assign</b> a reply to a sent message. According to a first aspect of the present invention there is &hellip;
EP3529747B1,B1,grant,snap_filed, Neural networks for facial modeling,Snap Inc.,Snap Inc,Jia Li,2016-10-19,2017-10-19,2023-10-11,2023-10-11,https://patentimages.storage.googleapis.com/78/e1/ce/e0bbd27766865e/EP3529747B1.pdf,https://patents.google.com/patent/EP3529747B1/en,"The assignment component 270 may <b>assign</b> the identification to all features based on an identification level (e.g., a broad identification such as male/female). In some embodiments, the assignment component 270 generates notifications indicating the assignment of the identification to one or more of &hellip;"
EP3616150B1,B1,grant,snap_filed, Generation of interactive content with advertising,Snap Inc.,Snap Inc,Jacob ANDREOU,2017-04-28,2018-04-27,2023-07-26,2023-07-26,https://patentimages.storage.googleapis.com/ea/71/c2/5bc5283c2831dd/EP3616150B1.pdf,https://patents.google.com/patent/EP3616150B1/en,"A computer-implemented method comprising: accessing (352), by a server computer system, first advertising presentation data; automatically merging (354) the first advertising presentation data with a first set of interaction elements to generate a first advertising element, wherein the first &hellip;"
EP3713159B1,B1,grant,snap_filed, Gallery of messages with a shared interest,Snap Inc.,Snap Inc,Timothy Michael SEHN,2014-12-19,2015-12-15,2024-05-01,2024-05-01,https://patentimages.storage.googleapis.com/19/7c/1b/d1f0c5639094ab/EP3713159B1.pdf,https://patents.google.com/patent/EP3713159B1/en,"&hellip;  the user to answer if this is a social event. The user may select a &#34;Yes&#34; button to indicate his/her desire to <b>assign</b> to the captured photos contextual information describing the social event and its attendees, and/or to indicate that all following photos are also related to the same social event."
EP3948797B1,B1,grant,snap_filed, Location based augmented-reality system,Snap Inc.,Snap Inc,Piers George Cowburn,2019-04-04,2020-03-17,2025-11-12,2025-11-12,,https://patents.google.com/patent/EP3948797B1/en,"In some example embodiments, the media content includes 3D typography. For example, the location-based AR system may <b>assign</b> a set of geo-location coordinates to the 3D typography and present the 3D typography as AR content in a presentation of an image at a client device. A text string f the 3D &hellip;"
EP4111404B1,B1,grant,snap_filed, Internet meme economy,"Snap, Inc.",Snap Inc,Jeffrey Harris,2020-02-24,2021-02-24,2024-12-04,2024-12-04,https://patentimages.storage.googleapis.com/d9/70/32/cdb96a64d62001/EP4111404B1.pdf,https://patents.google.com/patent/EP4111404B1/en,The computing apparatus of claim 9 wherein the instructions further configure the apparatus to: identify an iteration of the Internet meme; and <b>assign</b> shares in the iteration of the Internet meme to shareholders of the Internet meme. The computing apparatus of claim 9 wherein the instructions &hellip;
EP4457771A1,A1,application,snap_filed, Ar position indicator,Snap Inc.,Snap Inc,Avihay ASSOULINE,2021-12-30,2022-12-21,2024-11-06,,,https://patents.google.com/patent/EP4457771A1/en,Aspects of the present disclosure involve a system for presenting augmented reality (AR) items. The system performs operations including receiving a video that includes a depiction of a real-world environment and generating a 3D model of the real-world environment based on the video. The &hellip;
EP4505690A1,A1,application,snap_filed, Smart media overlay selection for a messaging system,Snap Inc.,Snap Inc,Jiayu HE,2022-04-01,2023-03-31,2025-02-12,,,https://patents.google.com/patent/EP4505690A1/en,&hellip;  provided by a second client device of a second user; parse the text string into one or more text portions; <b>assign</b> a score to each of the one or more text portions based on a specified criterion; determine one or more relevant tags of a plurality of tags based on the one or more text portions;
EP4578008A1,A1,application,snap_filed, Grouping similar words in a language model,Snap Inc.,Snap Inc,Jacob Assa,2022-08-22,2023-08-21,2025-07-02,,,https://patents.google.com/patent/EP4578008A1/en,"Systems and methods are provided for performing automated speech recognition. The systems and methods access a LM that includes a plurality of n-grams, each of the plurality of n-grams comprising a respective sequence of words and corresponding LM score and receive a list of words associated with &hellip;"
EP4605815A1,A1,application,snap_filed, Sign language interpretation with collaborative agents,Snap Inc.,Snap Inc,Kai ZHOU,2022-10-17,2023-10-16,2025-08-27,,,https://patents.google.com/patent/EP4605815A1/en,"&hellip;  language recognition system further comprises: detect, by the first augmented reality device, an occlusion of the hand gesture in the first image; and in response to detecting the occlusion, <b>assign</b> the second augmented reality device to perform the one or more processes based on the second image."
EP4643306A1,A1,application,snap_filed, Unsupervised volumetric animation,Snap Inc.,Snap Inc,Menglei CHAI,2022-12-28,2023-12-21,2025-11-05,,,https://patents.google.com/patent/EP4643306A1/en,"The UVA system includes a canonical voxel generator to produce a volumetric representation of the non-rigid deformable object, wherein the non-rigid deformable object is represented as a set of moving rigid parts, and to <b>assign</b> each 3D point of the non-rigid deformable object to a corresponding &hellip;"
EP4652717A1,A1,application,snap_filed, User contact control in a network application,Snap Inc.,Snap Inc,Rudd Fawcett,2023-01-18,2024-01-18,2025-11-26,,,https://patents.google.com/patent/EP4652717A1/en,"&hellip;  , the display device 240 presents a next UI window 250 that presents the client list 252 and/or selection boxes 254. Responsive to receiving a selection of a box for a contact (or responsive to detecting the box was left unselected), the UI module 208 (and/or the messaging system 100) can <b>assign</b> an &hellip;"
EP4662848A1,A1,application,snap_filed, Chatbot for interactive platforms,Snap Inc.,Snap Inc,William Spencer MULLIGAN,2023-02-06,2024-02-05,2025-12-17,,,https://patents.google.com/patent/EP4662848A1/en,"A chatbot system for filtering conversation content. A chatbot system receives, from a client system, a prompt of a user during an interactive session. The chatbot system filters the prompt of the user based on a set of platform policies and generates a response based on the filtering of the &hellip;"
EP4705860A1,A1,application,snap_filed, Augmented reality mood board,Snap Inc.,Snap Inc,Luke Cartwright,2023-05-04,2024-04-26,2026-03-11,,,https://patents.google.com/patent/EP4705860A1/en,"&hellip;  this context an “augmented reality effect&#34; comprises the collection of data, parameters, and other assets used to apply a selected augmented reality experience to an image or a video feed. In some examples, augmented reality effects are provided by <b>Snap, Inc</b>. under the registered trademark LENSES."
EP4705861A1,A1,application,snap_filed, Augmented reality mood board manipulation,Snap Inc.,Snap Inc,Luke Cartwright,2023-05-04,2024-04-26,2026-03-11,,,https://patents.google.com/patent/EP4705861A1/en,"&hellip;  this context an “augmented reality effect&#34; comprises the collection of data, parameters, and other assets used to apply a selected augmented reality experience to an image or a video feed. In some examples, augmented reality effects are provided by <b>Snap, Inc</b>. under the registered trademark LENSES."
EP4720920A1,A1,application,snap_filed, Machine learning model continuous training system,Snap Inc.,Snap Inc,Kevin Sarabia Dela Rosa,2023-05-31,2024-05-31,2026-04-08,,,https://patents.google.com/patent/EP4720920A1/en,"Described is a system for performing a set of machine learning model training operations that include: accessing media content items associated with interaction functions initiated by users of an interaction system, generating training data including labels for the media content items, extracting &hellip;"
KR102248095B1,B1,grant,snap_filed, Creation and selection of customized media content according to context,스냅 인코포레이티드,Snap Inc,제이콥 에드워드 블랙스톡,2017-01-09,2017-12-29,2021-05-04,2021-05-04,https://patentimages.storage.googleapis.com/36/bb/aa/933dfa3e5bec08/KR102248095B1.pdf,https://patents.google.com/patent/KR102248095B1/en,"In particular, embodiments of the present disclosure provide electronic messaging software and systems by creating and selecting personalized media content items (eg images) with avatars of different users in electronic messages based on the context of communication between users. Improve their &hellip;"
KR20180116346A,A,application,snap_filed," Methods and systems for creation, curation and presentation of media &hellip;",스냅 인코포레이티드,Snap Inc,니콜라스 리차드 알렌,2016-02-26,2017-02-23,2018-10-24,,https://patentimages.storage.googleapis.com/cb/e9/ff/e9b499104c04c6/KR20180116346A.pdf,https://patents.google.com/patent/KR20180116346A/en,"The method comprising: receiving, at a server computer, a plurality of content messages from a plurality of content sources, each content message comprising media content and associated with a predetermined media collection; for each of a plurality of received content messages, Systems and methods &hellip;"
KR20190088503A,A,application,snap_filed, Smart carousel of image modifiers,스냅 인코포레이티드,Snap Inc,사미르 아메드,2016-11-22,2017-11-21,2019-07-26,,https://patentimages.storage.googleapis.com/3c/0f/d2/954c8dfb5d1334/KR20190088503A.pdf,https://patents.google.com/patent/KR20190088503A/en,"Embodiments of the present disclosure generally relate to techniques for automated organization and presentation of user-selectable features in user interfaces. Rather than as a limitation, and more particularly, this disclosure addresses systems and methods for presenting and accessing filters in &hellip;"
KR20190103322A,A,application,snap_filed, Surface recognition lens,스냅 인코포레이티드,Snap Inc,앤드류 제임스 맥피,2017-01-09,2018-01-09,2019-09-04,,https://patentimages.storage.googleapis.com/dd/e1/0b/4a1512eb9e7030/KR20190103322A.pdf,https://patents.google.com/patent/KR20190103322A/en,"Aspects of the present disclosure involve a method for rendering three-dimensional virtual objects in real world environments, and a system comprising a computer-readable storage medium storing at least one program. The virtual rendering of the three-dimensional virtual object may change as the &hellip;"
KR20210149120A,A,application,snap_filed, Location-Based Augmented-Reality System,스냅 인코포레이티드,Snap Inc,피어스 조지 카우번,2019-04-04,2020-03-17,2021-12-08,,https://patentimages.storage.googleapis.com/c9/9a/f9/6a7b270bd0480f/KR20210149120A.pdf,https://patents.google.com/patent/KR20210149120A/en,"In some demonstrative embodiments, the media content includes 3D typography. For example, a location-based AR system may <b>assign</b> a set of geo-location coordinates to the 3D typography and present the 3D typography as AR content in presentation of the image at the client device. The text string f of &hellip;"
KR20220051376A,A,application,snap_filed, 3D Data Generation in Messaging Systems,스냅 인코포레이티드,Snap Inc,카일 굿리치,2019-08-28,2020-08-28,2022-04-26,,https://patentimages.storage.googleapis.com/89/bb/b0/9fdf2862ddb33d/KR20220051376A.pdf,https://patents.google.com/patent/KR20220051376A/en,The subject technology receives image data and depth data. The target technology selects an augmented reality content generator corresponding to a three-dimensional (3D) effect. The subject technology applies a 3D effect to the image data and the depth data based at least in part on the selected &hellip;
KR20220062664A,A,application,snap_filed, content item module arrays,스냅 인코포레이티드,Snap Inc,네와르 후삼 알 마지드,2019-09-27,2020-09-23,2022-05-17,,https://patentimages.storage.googleapis.com/47/c3/84/0170affb5c71b8/KR20220062664A.pdf,https://patents.google.com/patent/KR20220062664A/en,"retrieving, by the one or more processors, the plurality of content items; identifying a list of friends of the user on the messaging application; obtaining reaction data for each friend in the list of friends, the reaction data identifying a set of content items to which each friend in the list &hellip;"
KR20220074912A,A,application,snap_filed, Automated Dance Animation,스냅 인코포레이티드,Snap Inc,구루난단 크리쉬난 고룸콘다,2019-09-30,2020-09-25,2022-06-03,,https://patentimages.storage.googleapis.com/8d/c0/51/881f4050c40d92/KR20220074912A.pdf,https://patents.google.com/patent/KR20220074912A/en,"<b>assign</b> a probability value to each motion state of the set of motion states, wherein the associated probability value for the associated motion state of the first control point indicates that the displayed animation of the computer animation model is the associated associated with a first &hellip;"
KR20220138398A,A,application,snap_filed, Creating Augmented Reality Sessions Using Skeleton Tracking,스냅 인코포레이티드,Snap Inc,피어스 카우번,2020-02-05,2021-02-04,2022-10-12,,https://patentimages.storage.googleapis.com/5a/86/90/997335037dbff8/KR20220138398A.pdf,https://patents.google.com/patent/KR20220138398A/en,"&hellip;  regarding the coordinate system of the first device. An example of such a system is described in greater detail in U.S. Patent Application Serial No. 16/729,078, filed December 27, 2019, to the same owner, <b>assignee</b>, the application of which is incorporated herein by reference in its entirety. While &hellip;"
KR20230020525A,A,application,snap_filed, Dynamic augmented reality components,스냅 인코포레이티드,Snap Inc,에보니 제임스 찰튼,2020-06-10,2021-06-03,2023-02-10,,https://patentimages.storage.googleapis.com/e1/92/01/8f57f018ab200c/KR20230020525A.pdf,https://patents.google.com/patent/KR20230020525A/en,The technical problem of adding content originating from a third-party app to an augmented reality component maintained by the messaging server system is to modify the content captured by the camera according to the values of one or more properties and to <b>assign</b> the ID of the augmented reality &hellip;
KR20230058718A,A,application,snap_filed, Coexistence shared augmented reality without a shared backend,스냅 인코포레이티드,Snap Inc,아나 마리아 카르데나스 가스카,2020-09-10,2021-09-09,2023-05-03,,https://patentimages.storage.googleapis.com/cd/ff/94/62b3965bb77703/KR20230058718A.pdf,https://patents.google.com/patent/KR20230058718A/en,"An example of such a system is described in further detail in US patent application Ser. No. /16/729,078, filed on Dec. 27, 2019, same owner, <b>assignee</b>, which is incorporated herein by reference in its entirety. According to the disclosed examples, a plurality of shared AR experiences or mobile &hellip;"
KR20230060506A,A,application,snap_filed, Diffraction grating design method for augmented reality or virtual reality &hellip;,스냅 인코포레이티드,Snap Inc,데이빗 크로스비,2020-09-01,2021-09-01,2023-05-04,,https://patentimages.storage.googleapis.com/d8/45/78/80bad3dc2f75f6/KR20230060506A.pdf,https://patents.google.com/patent/KR20230060506A/en,A diffractive grating is disclosed for use as an output element of a diffractive waveguide coupler for augmented reality or virtual reality displays. The grating includes an interleaved rectangular grating 1213 comprising an array 1211 of first rectangular periodic optical structures and an array &hellip;
KR20230104989A,A,application,snap_filed, Location based augmented-reality system,스냅 인코포레이티드,Snap Inc,피어스 조지 카우번,2019-04-04,2020-03-17,2023-07-11,,https://patentimages.storage.googleapis.com/06/4f/b9/68ffde45d9273c/KR20230104989A.pdf,https://patents.google.com/patent/KR20230104989A/en,"In some demonstrative embodiments, the media content includes 3D typography. For example, a location-based AR system can <b>assign</b> a set of geo-location coordinates to 3D typography and present the 3D typography as AR content in presentation of an image at a client device. The text string f of the 3D &hellip;"
KR20230119207A,A,application,snap_filed, Configuration of permission-based media,스냅 인코포레이티드,Snap Inc,크리스틴 배론,2020-12-23,2021-12-15,2023-08-16,,https://patentimages.storage.googleapis.com/4b/a8/05/95b23938e4b8a6/KR20230119207A.pdf,https://patents.google.com/patent/KR20230119207A/en,"A permission-based media system for performing operations comprising: presenting a first media object at a client device associated with a user account, the first media object including a reference identifying the user account; receiving an input to select a first media object from a client device &hellip;"
KR20230121153A,A,application,snap_filed, Involvement analysis based on labels,스냅 인코포레이티드,Snap Inc,비토르 실바 소자,2020-12-31,2021-12-21,2023-08-17,,https://patentimages.storage.googleapis.com/37/49/98/6e30da66f12d5e/KR20230121153A.pdf,https://patents.google.com/patent/KR20230121153A/en,"The messaging system performs engagement analysis based on labels associated with content items created by users of the messaging system. The messaging system processes content items, including images, to identify elements within the images, and to <b>assign</b> to images based on conditions indicating &hellip;"
KR20230172526A,A,application,snap_filed, Waveguides and diffraction gratings for augmented or virtual reality displays,스냅 인코포레이티드,Snap Inc,알렉산드라 크레이,2021-06-09,2022-06-06,2023-12-22,,https://patentimages.storage.googleapis.com/36/5b/e9/3c951aea114db0/KR20230172526A.pdf,https://patents.google.com/patent/KR20230172526A/en,"A waveguide 5002 for use in a virtual reality (VR) or augmented reality (AR) device is disclosed. Waveguide 5002 has an input region 5006 configured to couple light to waveguide 5003 such that the light propagates under total reflection (TIR) within waveguide 5002, and optics configured to receive &hellip;"
KR20240047454A,A,application,snap_filed, System-on-chip with simultaneous USB communication,스냅 인코포레이티드,Snap Inc,프라빈 바부 바디벨루,2021-08-24,2022-07-29,2024-04-12,,https://patentimages.storage.googleapis.com/45/8e/ee/9b3e0a0b5ed8d0/KR20240047454A.pdf,https://patents.google.com/patent/KR20240047454A/en,"A frame having a first side and a second side, a first temple extending from a first side of the frame, a second temple extending from a second side of the frame, electronic components; a first system-on-chip (SoC) adjacent a first side of the frame coupled to the first set of electronic &hellip;"
KR20240055011A,A,application,snap_filed, Intelligent Predictive A/B Testing,스냅 인코포레이티드,Snap Inc,아나톨리 치클로프스키,2021-08-26,2022-07-29,2024-04-26,,https://patentimages.storage.googleapis.com/73/db/0c/2ee5f8ddac64dc/KR20240055011A.pdf,https://patents.google.com/patent/KR20240055011A/en,The A/B testing system is adapted to include a user correlation engine and an A/B test exposure module. The A/B testing system includes an A/B test server that provides at least one A/B test to users of a product and determines performance by collecting and analyzing the results of the A/B test(s) &hellip;
KR20240074814A,A,application,snap_filed, Unique vs. Open-Edition Non-Fungible Token Dynamics,스냅 인코포레이티드,Snap Inc,라지브 아드바니,2021-09-30,2022-09-22,2024-05-28,,https://patentimages.storage.googleapis.com/5b/c9/0e/39a3869f3243a8/KR20240074814A.pdf,https://patents.google.com/patent/KR20240074814A/en,"A first user may acquire a unique NFT created by the NFT system, such as through an NFT marketplace, and in response, the NFT system may <b>assign</b> special permissions associated with the unique NFT to the first user. By doing so, the first user may be presented with a specially configured interface &hellip;"
KR20240074816A,A,application,snap_filed, Control Augmented-Reality Experiences with Non-Fungible Tokens,스냅 인코포레이티드,Snap Inc,라지브 아드바니,2021-09-30,2022-09-22,2024-05-28,,https://patentimages.storage.googleapis.com/84/b0/a6/8ebb1c2c972053/KR20240074816A.pdf,https://patents.google.com/patent/KR20240074816A/en,"A first user may acquire a unique NFT created by the NFT system, such as through an NFT marketplace, and in response, the NFT system may <b>assign</b> special permissions associated with the unique NFT to the first user. By doing so, the first user may be presented with a specially configured interface &hellip;"
KR20240089525A,A,application,snap_filed, Inferring intent from posture and voice input,스냅 인코포레이티드,Snap Inc,마탄 조하르,2021-10-11,2022-10-11,2024-06-20,,https://patentimages.storage.googleapis.com/14/c5/69/367e459aa8b457/KR20240089525A.pdf,https://patents.google.com/patent/KR20240089525A/en,"Aspects of the disclosure provide a computer-readable storage medium storing at least one program, and methods for receiving an image depicting a person, identifying a set of skeletal joints of a person, and locating a set of skeletal joints. It involves a system that includes a method for &hellip;"
KR20240128069A,A,application,snap_filed, Contextual Chat Responses,스냅 인코포레이티드,Snap Inc,웨이드 스피레스,2021-12-28,2022-12-27,2024-08-23,,https://patentimages.storage.googleapis.com/46/f0/80/bf255df51bccf4/KR20240128069A.pdf,https://patents.google.com/patent/KR20240128069A/en,"A system comprising an action granting a permission associated with said NFT to said owner. In the 8th paragraph, the above actions additionally include: An action to <b>assign</b> said NFT to the owner; An action to enable an access period based on assigning said NFT to said owner; An action of receiving &hellip;"
KR20240128979A,A,application,snap_filed, A combination of content items in a shared content collection.,스냅 인코포레이티드,Snap Inc,앤드류 그로스베너 쿠퍼,2021-12-30,2022-12-29,2024-08-27,,https://patentimages.storage.googleapis.com/0f/f9/b9/acb7d18ca65608/KR20240128979A.pdf,https://patents.google.com/patent/KR20240128979A/en,A content collection is shared between a first user and a second user. A content collection interface is presented on a second user device of the second user. The content collection interface enables the second user to navigate the shared content collection. The shared content collection includes &hellip;
KR20240161793A,A,application,snap_filed," Neural network devices, methods and systems including devices",스냅 인코포레이티드,Snap Inc,코르넬리스 헤르마누스 반 베르켈,2021-11-30,2022-11-30,2024-11-12,,https://patentimages.storage.googleapis.com/17/21/dc/b690165da3c18f/KR20240161793A.pdf,https://patents.google.com/patent/KR20240161793A/en,"In this example, the configurable memory mapping unit (4) enables to <b>assign</b> sets of individual banks to individual logical memories and the allocation is provided accordingly, i.e. the banks (2a, 2b) are exclusively assigned to the first logical memory and the banks (2c, 2d) are exclusively &hellip;"
KR20250002711A,A,application,snap_filed, Automated dance animation,스냅 인코포레이티드,Snap Inc,구루난단 크리쉬난 고룸콘다,2019-09-30,2020-09-25,2025-01-07,,https://patentimages.storage.googleapis.com/c6/bd/95/6bbb2d86d1c1b2/KR20250002711A.pdf,https://patents.google.com/patent/KR20250002711A/en,"&hellip;  control points may have possible motions assigned to describe all possible movements of all parts of the model. The designer may then <b>assign</b> a probability to each motion, so that the likelihood of occurrence of certain motions during the displayed animation is set probabilistically by the designer."
KR20250007681A,A,application,snap_filed, Wearable device antenna system,스냅 인코포레이티드,Snap Inc,안드레아 애쉬우드,2017-03-06,2018-03-06,2025-01-14,,https://patentimages.storage.googleapis.com/74/22/f0/d39286768ddf8f/KR20250007681A.pdf,https://patents.google.com/patent/KR20250007681A/en,"The antenna system includes a driven antenna element connected to a printed circuit board (PCB), and a plurality of PCB extensions provided by electrical conductors connected to a PCB ground plane for cooperating with the driven antenna element in signal communication. In an eyewear device &hellip;"
KR20250010092A,A,application,snap_filed, Combination of Third Party Content and User Content,스냅 인코포레이티드,Snap Inc,크리스티 마리 하이키넨,2022-05-23,2023-05-18,2025-01-20,,https://patentimages.storage.googleapis.com/84/53/f7/d2a6ac446ca86b/KR20250010092A.pdf,https://patents.google.com/patent/KR20250010092A/en,"A third party user input content item is presented on a user device of a user. Third party authorization is determined for combining the third party user input content item with other content items. In response to determining the third party authorization, a combination graphic element is &hellip;"
KR20250079063A,A,application,snap_filed, System for generating media content items on demand,스냅 인코포레이티드,Snap Inc,브래들리 코트소풀로스,2020-01-30,2021-01-29,2025-06-04,,https://patentimages.storage.googleapis.com/8c/31/12/95eba92bb7d45a/KR20250079063A.pdf,https://patents.google.com/patent/KR20250079063A/en,A method for generating media content items on demand begins with a processor receiving an animation file including first metadata based on an animation input. The animation file is associated with a media content identification. The processor generates puppets associated with frames of the &hellip;
KR20250154593A,A,application,snap_filed, Asynchronous task framework,스냅 인코포레이티드,Snap Inc,리안 올슨,2023-03-03,2024-03-01,2025-10-28,,,https://patents.google.com/patent/KR20250154593A/en,"[0032] Service B (216) includes a publisher (222) configured to queue bytes in persistent memory (220), collect information necessary to perform work units represented by the bytes (e.g., collect email addresses of all desired or defined recipients), and <b>assign</b> the work units to relayers (224) of &hellip;"
KR20250157429A,A,application,snap_filed, Automatic image quality assessment,스냅 인코포레이티드,Snap Inc,미키타 바쿠노프,2023-03-01,2024-02-23,2025-11-04,,,https://patents.google.com/patent/KR20250157429A/en,Examples disclosed herein describe techniques for automatic image quality assessment. A first set of images generated by a first automated image generator and a second set of images generated by a second automated image generator are accessed. A first machine learning model generates a first &hellip;
KR20250165599A,A,application,snap_filed, Depth estimation from RGB images,스냅 인코포레이티드,Snap Inc,리자 알프 굴러,2023-03-07,2024-03-06,2025-11-26,,,https://patents.google.com/patent/KR20250165599A/en,A system for generating augmented reality effects using image data of hands and a depth estimation model is disclosed. The depth estimation model is trained using pairs of synthetic 2D image data having sets of depths and segmentation masks. The augmented reality system captures image data of &hellip;
KR20260011193A,A,application,snap_filed, Travel-based augmented reality content for images,스냅 인코포레이티드,Snap Inc,버지니아 드러몬드,2020-06-29,2021-06-23,2026-01-22,,,https://patents.google.com/patent/KR20260011193A/en,"&hellip;  party. For example, third parties may sponsor or pay for certain keywords to rank higher than others. In response to determining that a given attribute corresponds to a sponsored keyword, the object detection system (212) may <b>assign</b> that attribute a higher ranking relative to other attributes. The &hellip;"
KR20260025167A,A,application,snap_filed, Similar content augmentation system,스냅 인코포레이티드,Snap Inc,케빈 사라비아 델라 로사,2023-06-21,2024-06-20,2026-02-23,,,https://patents.google.com/patent/KR20260025167A/en,"A system is described for identifying content augmentations based on an interaction feature initiated by a user by determining an initiation of an interaction feature from a first user of the interaction system, processing data associated with the interaction feature using a first machine learning &hellip;"
KR20260059637A,A,application,snap_filed, Sharing content item collections in chat,스냅 인코포레이티드,Snap Inc,네이선 케네스 보이드,2023-08-28,2024-08-27,2026-04-30,,,https://patents.google.com/patent/KR20260059637A/en,Selecting which recipient groups can view various content item collections is very tedious and time-consuming. Users generally need to navigate through multiple user interfaces and information pages to create content item collections and <b>assign</b> recipient groups. This introduces inefficiencies and &hellip;
US10045737B2,B2,grant,other_assignee, Clip-on device with inward-facing cameras,Facense Ltd.,Snap Inc,Arie Tzvieli,2015-06-14,2017-12-06,2018-08-14,2018-08-14,https://patentimages.storage.googleapis.com/2a/60/83/650420755f551d/US10045737.pdf,https://patents.google.com/patent/US10045737B2/en,"the frame in Oculus Rift™ includes the foam placed on the user&#39;s face and the straps; and the frames in Google Glass™ and Spectacles by <b>Snap Inc</b>. are similar to eyeglasses frames. Additionally or alternatively, the frame may connect to, be affixed within, and/or be integrated with, a helmet (e.g. &hellip;"
US10076250B2,B2,grant,other_assignee, Detecting physiological responses based on multispectral data from head-mounted &hellip;,Facense Ltd.,Snap Inc,Arie Tzvieli,2015-06-14,2017-12-06,2018-09-18,2018-09-18,https://patentimages.storage.googleapis.com/c8/e0/c5/1d375477d79ce0/US10076250.pdf,https://patents.google.com/patent/US10076250B2/en,"the frame in Oculus Rift™ includes the foam placed on the user&#39;s face and the straps; and the frames in Google Glass™ and Spectacles by <b>Snap Inc</b>. are similar to eyeglasses frames. Additionally or alternatively, the frame may connect to, be affixed within, and/or be integrated with, a helmet (e.g. &hellip;"
US10076270B2,B2,grant,other_assignee, Detecting physiological responses while accounting for touching the face,Facense Ltd.,Snap Inc,Arie Tzvieli,2015-06-14,2017-12-06,2018-09-18,2018-09-18,https://patentimages.storage.googleapis.com/f8/d4/ae/303588faef8ee4/US10076270.pdf,https://patents.google.com/patent/US10076270B2/en,"the frame in Oculus Rift™ includes the foam placed on the user&#39;s face and the straps; and the frames in Google Glass™ and Spectacles by <b>Snap Inc</b>. are similar to eyeglasses frames. Additionally or alternatively, the frame may connect to, be affixed within, and/or be integrated with, a helmet (e.g. &hellip;"
US10130261B2,B2,grant,other_assignee, Detecting physiological responses while taking into account consumption of &hellip;,Facense Ltd.,Snap Inc,Arie Tzvieli,2015-06-14,2017-12-06,2018-11-20,2018-11-20,https://patentimages.storage.googleapis.com/90/d6/53/a18e03e5e54dd5/US10130261.pdf,https://patents.google.com/patent/US10130261B2/en,"the frame in Oculus Rift™ includes the foam placed on the user&#39;s face and the straps; and the frames in Google Glass™ and Spectacles by <b>Snap Inc</b>. are similar to eyeglasses frames. Additionally or alternatively, the frame may connect to, be affixed within, and/or be integrated with, a helmet (e.g. &hellip;"
US10135949B1,B1,grant,snap_filed, Systems and methods for story and sub-story navigation,Snap Inc.,Snap Inc,Maria Pavlovskaia,2015-05-05,2015-05-05,2018-11-20,2018-11-20,https://patentimages.storage.googleapis.com/2d/f4/8d/a70c55471d89f8/US10135949.pdf,https://patents.google.com/patent/US10135949B1/en,"&hellip;  to users that are very close to this location. Rather than making the story available to all users within a larger geographic area, the system may automatically <b>assign</b> an area to the story, and may make the story available only to users in the area that was generated and assigned for that story."
US10154810B2,B2,grant,other_assignee, Security system that detects atypical behavior,Facense Ltd.,Snap Inc,Arie Tzvieli,2015-06-14,2018-01-02,2018-12-18,2018-12-18,https://patentimages.storage.googleapis.com/78/10/b1/b977d9957a59bd/US10154810.pdf,https://patents.google.com/patent/US10154810B2/en,"the frame in Oculus Rift™ includes the foam placed on the user&#39;s face and the straps; and the frames in Google Glass™ and Spectacles by <b>Snap Inc</b>. are similar to eyeglasses frames. Additionally or alternatively, the frame may connect to, be affixed within, and/or be integrated with, a helmet (e.g. &hellip;"
US10157333B1,B1,grant,snap_filed, Systems and methods for content tagging,Snap Inc.,Snap Inc|Snapchat Inc,Xiaoyu Wang,2015-09-15,2016-08-25,2018-12-18,2018-12-18,https://patentimages.storage.googleapis.com/28/f5/5d/22acb97aafd080/US10157333.pdf,https://patents.google.com/patent/US10157333B1/en,compare each output value of the plurality of output values with a corresponding threshold; and <b>assign</b> one or more tags to the first image based on the comparison of each output value associated with the corresponding tag to the corresponding threshold; capture a plurality of metadata associated &hellip;
US10159411B2,B2,grant,other_assignee, Detecting irregular physiological responses during exposure to sensitive data,Facense Ltd.,Snap Inc,Arie Tzvieli,2015-06-14,2018-01-02,2018-12-25,2018-12-25,https://patentimages.storage.googleapis.com/65/d5/d3/1df6c47581f9a9/US10159411.pdf,https://patents.google.com/patent/US10159411B2/en,"the frame in Oculus Rift™ includes the foam placed on the user&#39;s face and the straps; and the frames in Google Glass™ and Spectacles by <b>Snap Inc</b>. are similar to eyeglasses frames. Additionally or alternatively, the frame may connect to, be affixed within, and/or be integrated with, a helmet (e.g. &hellip;"
US10200327B1,B1,grant,snap_filed, Storage management for ephemeral messages,Snap Inc.,Snap Inc|Snapchat Inc,Aaron Son,2015-06-16,2018-01-22,2019-02-05,2019-02-05,https://patentimages.storage.googleapis.com/ce/15/d9/4ddf2e34db3f29/US10200327.pdf,https://patents.google.com/patent/US10200327B1/en,"What is claimed is: 1. A system comprising: at least one hardware processor configured to: <b>assign</b> an individual time to each of a plurality of logical disks, each time indicating when the respective logical disk is available for writing; select one of the plurality of logical disks having an &hellip;"
US10204137B2,B2,grant,snap_filed, System and method for data collection to validate location data,Snap Inc.,Snap Inc,David Shim,2012-02-24,2013-05-10,2019-02-12,2019-02-12,https://patentimages.storage.googleapis.com/db/32/18/23243051852be4/US10204137.pdf,https://patents.google.com/patent/US10204137B2/en,"<b>assign</b> an indicator of data fidelity to the location of the user at the instance of time based on the place query data received from the user and the validating the location of the user based on the audio signal, wherein the indicator of data fidelity reflects a degree of accuracy of an aggregate &hellip;"
US10216981B2,B2,grant,other_assignee, Eyeglasses that measure facial skin color changes,Facense Ltd.,Snap Inc,Arie Tzvieli,2015-06-14,2017-12-06,2019-02-26,2019-02-26,https://patentimages.storage.googleapis.com/48/b3/32/55e04e5b0eaf57/US10216981.pdf,https://patents.google.com/patent/US10216981B2/en,"the frame in Oculus Rift™ includes the foam placed on the user&#39;s face and the straps; and the frames in Google Glass™ and Spectacles by <b>Snap Inc</b>. are similar to eyeglasses frames. Additionally or alternatively, the frame may connect to, be affixed within, and/or be integrated with, a helmet (e.g. &hellip;"
US10235066B1,B1,grant,other_assignee, Journal destage relay for online system checkpoint creation,EMC IP Holding Company LLC,Snap Group,Xiangping Chen,2017-04-27,2017-04-27,2019-03-19,2019-03-19,https://patentimages.storage.googleapis.com/be/3a/db/7f0c65957bff29/US10235066.pdf,https://patents.google.com/patent/US10235066B1/en,"A storage system comprising a processor in operable communication with a storage device is configured to have first, second, and third tables and first, second, and third respective metadata journals storing time-based information associated, respectively, with the first, second, and third tables."
US10270839B2,B2,grant,snap_filed, Content collection navigation and autoforwarding,Snap Inc.,Snap Inc,Jacob Andreou,2016-03-29,2016-03-29,2019-04-23,2019-04-23,https://patentimages.storage.googleapis.com/25/84/d1/ad5b62813733a2/US10270839.pdf,https://patents.google.com/patent/US10270839B2/en,"Systems and methods for communicating and displaying collections of image and video clip content are described. In one example embodiment, a device receives interface information about a group of content collections from a server computer system. When a user inputs a selection of a first content &hellip;"
US10285001B2,B2,grant,snap_filed," Generation, curation, and presentation of media collections",Snap Inc.,Snap Inc|Snapchat Inc,Nicholas Richard Allen,2016-02-26,2016-02-26,2019-05-07,2019-05-07,https://patentimages.storage.googleapis.com/24/4a/f9/041bc2a947d5c1/US10285001.pdf,https://patents.google.com/patent/US10285001B2/en,"Systems and methods are provided for receiving, at a first computing device, a request from a user to activate a new media collection, sending the request to a server computer for activation of the new media collection, receiving confirmation that the new media collection was activated, receiving &hellip;"
US10319149B1,B1,grant,snap_filed, Augmented reality anamorphosis system,Snap Inc.,Snap Inc,Piers Cowburn,2017-02-17,2017-02-17,2019-06-11,2019-06-11,https://patentimages.storage.googleapis.com/59/fd/c4/1ed6a24f53f9ae/US10319149.pdf,https://patents.google.com/patent/US10319149B1/en,"In some example embodiments, users may generate and tag their own anamorphic media to locations. A user at a location may generate anamorphic media to be displayed in a space, and <b>assign</b> the anamorphic media to a position in the space. For example, the user may specify the position of the &hellip;"
US10387514B1,B1,grant,snap_filed, Automated content curation and communication,Snap Inc.,Snapchat Inc,Jianchao Yang,2016-06-30,2016-08-30,2019-08-20,2019-08-20,https://patentimages.storage.googleapis.com/84/53/67/b7d3cf81287bbc/US10387514.pdf,https://patents.google.com/patent/US10387514B1/en,"Systems, devices, methods, media, and instructions for automated image processing and content curation are described. In one embodiment a server computer system receives a plurality of content communications from a plurality of client devices, each content communication comprising an associated &hellip;"
US10395100B1,B1,grant,snap_filed, Neural networks for facial modeling,Snap Inc.,Snap Inc,Jia Li,2016-10-19,2018-12-19,2019-08-27,2019-08-27,https://patentimages.storage.googleapis.com/cd/90/3c/d28add30417bdc/US10395100.pdf,https://patents.google.com/patent/US10395100B1/en,"&hellip;  within the portion of the face. The systems and methods generate a descriptor function representing the set of facial features, fit object functions of the descriptor function, identify an identification probability for each facial feature, and <b>assign</b> an identification to each facial feature."
US10423983B2,B2,grant,snap_filed, Determining targeting information based on a predictive targeting model,Snap Inc.,Snap Inc,David Shim,2014-09-16,2014-09-16,2019-09-24,2019-09-24,https://patentimages.storage.googleapis.com/42/1b/7c/1d42a21c9a7c3e/US10423983.pdf,https://patents.google.com/patent/US10423983B2/en,"&hellip;  projected onto the geographic region, the behavior match metric indicating a number of visits by the user to the location represented by the cell; <b>assign</b> the behavioral match metric to a key that comprises a tuple that comprises the cell identifier of the cell and a user identifier of the user; &hellip;"
US10448199B1,B1,grant,snap_filed, Visitation tracking system,Snap Inc.,Snap Inc,Xueyin Chen,2018-04-18,2018-11-13,2019-10-15,2019-10-15,https://patentimages.storage.googleapis.com/7c/14/55/602a22bac0b637/US10448199.pdf,https://patents.google.com/patent/US10448199B1/en,"&hellip;  as the user is riding along a path to a destination, the visitation tracking system retrieves location data that identifies a location of the client device at any given time along the drive. As discussed above, the visitation tracking system may additionally <b>assign</b> time-stamps to the location data."
US10491554B1,B1,grant,snap_filed, Prohibited content propagation using a social network data structure,Snap Inc.,Snap Inc,Mette F. M. Hammer,2010-06-29,2017-05-03,2019-11-26,2019-11-26,https://patentimages.storage.googleapis.com/9f/21/ee/81c771b064a909/US10491554.pdf,https://patents.google.com/patent/US10491554B1/en,"&hellip;  with a proximity policy which can enable a sender node to control which recipient nodes within the social network can receive the email. For instance, Alice can <b>assign</b> a proximity policy to her email to Bob, who can be prohibited from forwarding the email to anyone outside Alice&#39;s social network."
US10522187B2,B2,grant,other_assignee, Tracking interactivity with a prerecorded media file,"Gfycat, Inc.",Snap Inc,Richard Rabbat,2018-02-21,2018-10-18,2019-12-31,2019-12-31,https://patentimages.storage.googleapis.com/8d/2c/95/e0d133cf1b57eb/US10522187.pdf,https://patents.google.com/patent/US10522187B2/en,"&hellip;  U.S. Provisional Patent Application No. 62/633,528, filed on Feb. 21, 2018, entitled “TRACKING INTERACTIVITY WITH A PRERECORDED MEDIA FILE,” by Rabbat et al., and assigned to the <b>assignee</b> of the present application, the disclosure of which is hereby incorporated herein by reference in its entirety. &hellip;"
US10540575B1,B1,grant,snap_filed, Ephemeral content management,Snap Inc.,Snap Inc,Jonathan Brody,2015-09-15,2017-06-30,2020-01-21,2020-01-21,https://patentimages.storage.googleapis.com/70/27/e7/2bf2e83aef3182/US10540575.pdf,https://patents.google.com/patent/US10540575B1/en,"processing, by the one or more processors, the image data to determine one or more characteristics of the image data; processing the one or more characteristics to <b>assign</b> an ephemeral status indicator for the image data; and selecting a storage status for the image data based on the ephemeral &hellip;"
US10623666B2,B2,grant,snap_filed, Selective identification and order of image modifiers,Snap Inc.,Snap Inc,Ebony James Charlton,2016-11-07,2017-11-07,2020-04-14,2020-04-14,https://patentimages.storage.googleapis.com/6d/5a/40/cd4b2f8220b3d9/US10623666.pdf,https://patents.google.com/patent/US10623666B2/en,"Systems, devices, media, and methods are presented for presentation of modified objects within a video stream. The systems and methods receive a selection at a user interface of a computing device and determine a modifier context based at least in part on the selection and a position within the &hellip;"
US10659409B1,B1,grant,snap_filed, Media access system,Snap Inc.,Snap Inc,John Christopher Collins,2017-09-29,2018-09-25,2020-05-19,2020-05-19,https://patentimages.storage.googleapis.com/ed/c1/2f/746b970abfc702/US10659409.pdf,https://patents.google.com/patent/US10659409B1/en,"Systems, devices, media, and methods are presented for providing access to media content within a networked system. The systems and methods receive a notification indicating dispensing of an image capture device by a dispersal machine. In response to receiving the notification, the systems and &hellip;"
US10667697B2,B2,grant,other_assignee, Identification of posture-related syncope using head-mounted sensors,Facense Ltd.,Snap Inc,Ori Tzvieli,2015-06-14,2019-06-26,2020-06-02,2020-06-02,https://patentimages.storage.googleapis.com/3b/3c/39/08dd9adbc3b6c8/US10667697.pdf,https://patents.google.com/patent/US10667697B2/en,"the frame in Oculus Rift™ includes the foam placed on the user&#39;s face and the straps; and the frames in Google Glass™ and Spectacles by <b>Snap Inc</b>. are similar to eyeglasses frames. Additionally or alternatively, the frame may connect to, be affixed within, and/or be integrated with, a helmet (e.g. &hellip;"
US10678818B2,B2,grant,snap_filed, Tag distribution visualization system,Snap Inc.,Snap Inc,Xuan HUANG,2018-01-03,2018-01-03,2020-06-09,2020-06-09,https://patentimages.storage.googleapis.com/d5/d6/53/57613137b5d7cf/US10678818.pdf,https://patents.google.com/patent/US10678818B2/en,"A campaign may include a unique tag that may be identified within media content. For example, a publisher or distributor of a campaign may generate a tag that comprises a graphical icon, and <b>assign</b> the graphical icon to the campaign. In various embodiments described herein, a visualization system &hellip;"
US10698774B2,B2,grant,other_assignee, Method to resolve conflicts during recovery in a storage system,EMC IP Holding Company LLC,Snap Group,Ying Hu,2018-10-31,2018-10-31,2020-06-30,2020-06-30,https://patentimages.storage.googleapis.com/95/bc/3e/9bf6ed9c3e9c99/US10698774.pdf,https://patents.google.com/patent/US10698774B2/en,"An aspect of resolving conflicts during recovery operations includes separating journal entries for first and second types of recovery operations into each of a first and second array. For each entry in the first array, an aspect includes taking a range lock of a designated number of the addresses &hellip;"
US10733225B1,B1,grant,snap_filed, Scaled delivery of media content,Snap Inc.,Snap Inc,Matthew Lee Cook,2017-09-06,2018-02-07,2020-08-04,2020-08-04,https://patentimages.storage.googleapis.com/44/4e/fa/cdd1e5d90195e0/US10733225.pdf,https://patents.google.com/patent/US10733225B1/en,"Systems, devices, media, and methods are presented for scaled delivery of media content. The systems and methods <b>assign</b> a set of proposed designations to a plurality of media content. The systems and methods select a set of media content from the plurality of media content based on the set of &hellip;"
US10795533B1,B1,grant,snap_filed, Content collection navigation queue,Snap Inc.,Snap Inc,Jacob Andreou,2016-10-07,2019-06-04,2020-10-06,2020-10-06,https://patentimages.storage.googleapis.com/bf/e7/06/4b4e65bb8b8e81/US10795533.pdf,https://patents.google.com/patent/US10795533B1/en,"Systems and methods for communicating and displaying collections of images according to a user-selected queue are described. In some example embodiments, a system aggregates content items organized into collections for display to a user on a device. The system receives a selection from the user of &hellip;"
US10818308B1,B1,grant,snap_filed, Speech characteristic recognition and conversion,Snap Inc.,Snap Inc,Wei Chu,2017-04-28,2018-04-27,2020-10-27,2020-10-27,https://patentimages.storage.googleapis.com/28/ec/c3/f6128a0bbc7c61/US10818308.pdf,https://patents.google.com/patent/US10818308B1/en,"Systems, devices, media, and methods are presented for converting sounds in an audio stream. The systems and methods receive an audio conversion request initiating conversion of one or more sound characteristics of an audio stream from a first state to a second state. The systems and methods &hellip;"
US10839586B1,B1,grant,snap_filed, Single image-based real-time body animation,Snap Inc.,Snap Inc,Egor Nemchinov,2019-06-07,2019-06-07,2020-11-17,2020-11-17,https://patentimages.storage.googleapis.com/b6/17/3b/5fc208aee21be8/US10839586.pdf,https://patents.google.com/patent/US10839586B1/en,&hellip;  to the face of the 2D representation of the mesh; and based on determination that the face does not correspond to the part of the body visible in the input image: generate a predicted face based on the body portion; and <b>assign</b> the predicted face to the face of the 2D representation of the mesh.
US10862835B2,B2,grant,snap_filed, Media item attachment system,Snap Inc.,Snap Inc,Newar Husam Al Majid,2017-02-20,2019-06-27,2020-12-08,2020-12-08,https://patentimages.storage.googleapis.com/b7/58/51/594fcb4a284c4a/US10862835.pdf,https://patents.google.com/patent/US10862835B2/en,"A user at a first client device generates media content (e.g., digital video) to attach to a message to a second client device. In response to attaching the media content top the message, the media attachment system prompts the user to <b>assign</b> an address to second media content to the message. For &hellip;"
US10885559B1,B1,grant,snap_filed," Generation, curation, and presentation of media collections with automated &hellip;",Snap Inc.,Snap Inc,Jacob Andreou,2016-06-28,2019-08-22,2021-01-05,2021-01-05,https://patentimages.storage.googleapis.com/65/c4/d0/4673e04d22bf61/US10885559.pdf,https://patents.google.com/patent/US10885559B1/en,"Systems, devices, media, instructions, and methods for computer based automated content generation, curation, and presentation are described. In one embodiment a content collection is generated with a first continuous presentation group by associating a first content element from a first content &hellip;"
US10887542B1,B1,grant,snap_filed, Video reformatting system,Snap Inc.,Snap Inc,Joel Brandt,2018-12-27,2018-12-27,2021-01-05,2021-01-05,https://patentimages.storage.googleapis.com/e3/93/71/9a043f47fdd780/US10887542.pdf,https://patents.google.com/patent/US10887542B1/en,"&hellip;  video was divided into shots and chapters, review the automatically generated edits and make further changes. For example, a user can split shots, combine shots, create new chapters, <b>assign</b> titles to the shots and chapters, change the visual presentation of the content in the shots, and so forth."
US10902189B2,B2,grant,other_assignee, System and method to minimally reduce characters in character limiting &hellip;,International Business Machines Corporation,Snapchat Inc,Lisa Seacat Deluca,2016-09-07,2018-10-30,2021-01-26,2021-01-26,https://patentimages.storage.googleapis.com/2a/c0/4f/9b04fd5cb650a4/US10902189.pdf,https://patents.google.com/patent/US10902189B2/en,the instructions further causing the system to: categorize the selection from the user as a type of character reduction technique; store the categorized selection as historical data; and <b>assign</b> the type of character reduction technique a priority in the writing tone profile of the user. 13. The &hellip;
US10909306B2,B2,grant,other_assignee, Systems and methods of publishing a design,Canva Pty Ltd.,Snap Inc,Melanie Joy Perkins,2018-03-16,2019-03-13,2021-02-02,2021-02-02,https://patentimages.storage.googleapis.com/63/4b/6f/8e24fea95ebc6c/US10909306.pdf,https://patents.google.com/patent/US10909306B2/en,"A method includes storing, at one or more data storage devices, a design in a platform-independent format. The method also includes generating, at a web front end, a GUI including a publish option associated with the design. The method includes sending the GUI to a client device. The method also &hellip;"
US10911575B1,B1,grant,snap_filed, Systems and methods for story and sub-story navigation,Snap Inc.,Snap Inc,Maria Pavlovskaia,2015-05-05,2018-10-09,2021-02-02,2021-02-02,https://patentimages.storage.googleapis.com/c7/bc/51/1f6c3ac49b8f37/US10911575.pdf,https://patents.google.com/patent/US10911575B1/en,"&hellip;  a first story, the first story comprising a first plurality of pieces of content, each piece of content of the first plurality of pieces of content comprising an image or a video clip captured by a respective client device; <b>assign</b>, based on determining the trend, a user segment to the first story; &hellip;"
US10933311B2,B2,grant,snap_filed, Generating collectible items based on location information,Snap Inc.,Snap Inc,Jonathan Brody,2018-03-14,2019-03-14,2021-03-02,2021-03-02,https://patentimages.storage.googleapis.com/ca/a6/1d/aaae380c4dfb9a/US10933311.pdf,https://patents.google.com/patent/US10933311B2/en,Method for generating collectible media content items based on location information starts with processor receiving location information from location sensor coupled to first client computing device. Processor causes a map interface to be displayed that includes avatar of first user at a location &hellip;
US10943393B2,B2,grant,other_assignee, Three-dimensional model optimization,Vertebrae Inc.,Snap Inc,Garrett Eastham,2019-04-26,2019-08-28,2021-03-09,2021-03-09,https://patentimages.storage.googleapis.com/3c/86/d4/d49e54f278aedc/US10943393.pdf,https://patents.google.com/patent/US10943393B2/en,"Methods, systems, and apparatus, including computer programs encoded on computer storage media, for optimizing three-dimensional models. One of the methods includes determining, for a three-dimensional model of an object to be optimized, a plurality of points on the object that each have at least &hellip;"
US10956743B1,B1,grant,snap_filed, Shared augmented reality system,Snap Inc.,Snap Inc,David Li,2020-03-27,2020-03-27,2021-03-23,2021-03-23,https://patentimages.storage.googleapis.com/ec/08/87/f6a4c5f8d2c5a3/US10956743.pdf,https://patents.google.com/patent/US10956743B1/en,"In some embodiments, the shared AR system may <b>assign</b> a user of the client device to a “team” responsive to detecting the client device associated with the user at a location. Detection of the client device at a location may be based on a geo-fence that encompasses the location, location data &hellip;"
US10990495B1,B1,grant,snap_filed, Selectively enabling features based on rules,Snap Inc.,Snap Inc,Michael Ronald Cieslak,2019-04-15,2019-04-15,2021-04-27,2021-04-27,https://patentimages.storage.googleapis.com/6c/a0/33/5c23621891ce73/US10990495.pdf,https://patents.google.com/patent/US10990495B1/en,"&hellip;  , downloading additional code associated with the feature, prefetching video content for a particular user, and so forth. The graphical user interface may also allow the developer to <b>assign</b> a priority or rank to the configuration rule which may be used by the selective feature enabling system 124"
US10999629B1,B1,grant,snap_filed, Automated graphical image modification scaling based on rules,Snap Inc.,Snap Inc,Michael Ronald Cieslak,2019-04-23,2019-04-23,2021-05-04,2021-05-04,https://patentimages.storage.googleapis.com/24/c8/8d/cc4c09e618e0c1/US10999629.pdf,https://patents.google.com/patent/US10999629B1/en,"Aspects of the present disclosure involve systems and methods for performing operations comprising receiving, with a messaging application, user input to access a graphical image modification feature of the messaging application; in response to receiving, causing display of a video; accessing a &hellip;"
US11023514B2,B2,grant,snap_filed," Methods and systems for generation, curation, and presentation of media &hellip;",Snap Inc.,Snap Inc|Snapchat Inc,Nicholas Richard Allen,2016-02-26,2016-02-26,2021-06-01,2021-06-01,https://patentimages.storage.googleapis.com/12/8c/f4/ce747fb72b5ecb/US11023514.pdf,https://patents.google.com/patent/US11023514B2/en,"Systems and methods are provided for receiving, at a server computer, a plurality of content messages from a plurality of content sources, each content message comprising media content and associated with a predetermined media collection, for each of the plurality of content messages received, &hellip;"
US11038951B1,B1,grant,snap_filed, Dynamically assigning storage locations for messaging system data,Snap Inc.,Snap Inc,Bradley Baron,2020-03-31,2020-05-21,2021-06-15,2021-06-15,https://patentimages.storage.googleapis.com/58/72/27/b87c29cebaa78d/US11038951.pdf,https://patents.google.com/patent/US11038951B1/en,124 in the client device 102 to exchange data used identify and <b>assign</b> storage locations to data associated with a user and data associated with a communication session including a plurality of users. The data storage server controller 126 can also be coupled to the messaging server application 114
US11048745B2,B2,grant,other_assignee, Cognitively identifying favorable photograph qualities,International Business Machines Corporation,Snap Inc,Adam T. Clark,2018-06-22,2018-06-22,2021-06-29,2021-06-29,https://patentimages.storage.googleapis.com/88/76/57/b1d7a6fd5cd240/US11048745.pdf,https://patents.google.com/patent/US11048745B2/en,"110 A, 110 B may, in accordance with the preconfigured sentiment value at 206 , <b>assign</b> a negative value, or a value below the threshold value. According to one embodiment, if the cognitive photograph recommendation program 110 A, 110 B determines that the number of likes or the sentiment value exceeds &hellip;"
US11049311B2,B2,grant,other_assignee, Dynamically transforming a typing indicator to reflect a user's tone,International Business Machines Corporation,Snap Inc,Kelley M. Gordon,2018-05-22,2019-11-15,2021-06-29,2021-06-29,https://patentimages.storage.googleapis.com/3a/66/64/94b2757f5f971c/US11049311.pdf,https://patents.google.com/patent/US11049311B2/en,"and/or its affiliates), WhatsApp® (WhatsApp and all WhatsApp-related trademarks and logos are trademarks or registered trademarks of WhatsApp, Inc. and/or its affiliates), and Snapchat® (Snapchat and all Snapchat-related trademarks and logos are trademarks or registered trademarks of <b>Snap, Inc</b>. and &hellip;"
US11080351B1,B1,grant,snap_filed, Automated content curation and communication,Snap Inc.,Snap Inc,Jianchao Yang,2016-06-30,2019-07-08,2021-08-03,2021-08-03,https://patentimages.storage.googleapis.com/25/b6/ab/517e42c93f2718/US11080351.pdf,https://patents.google.com/patent/US11080351B1/en,"Systems, devices, methods, media, and instructions for automated image processing and content curation are described. In one embodiment a server computer system receives a plurality of content communications from a plurality of client devices, each content communication comprising an associated &hellip;"
US11090569B1,B1,grant,snap_filed, Game testing system,Snap Inc.,Snap Inc,William Wu,2018-10-31,2018-10-31,2021-08-17,2021-08-17,https://patentimages.storage.googleapis.com/ee/6a/ee/b89278ca86ed9c/US11090569.pdf,https://patents.google.com/patent/US11090569B1/en,"&hellip;  The method of claim 1 further comprising receiving, with the gaming application testing platform, a request from the first user to <b>assign</b> an advertisement slot in the gaming application, the advertisement slot being associated with a reward video presented during gameplay of the gaming application."
US11099643B1,B1,grant,snap_filed, Headware with computer and optical element for use therewith and systems &hellip;,Snap Inc.,Snap Inc,Erick Miller,2011-05-11,2019-10-29,2021-08-24,2021-08-24,https://patentimages.storage.googleapis.com/59/dc/1c/0c693377983b1a/US11099643.pdf,https://patents.google.com/patent/US11099643B1/en,"An apparatus for mounting on a head including a frame, A face-wearable near-ocular optics and a micro-display for displaying data in front of the eyes is provided. A computing device is coupled to the micro-display. At least one sensor is coupled to the computing device for receiving biometric &hellip;"
US11108581B1,B1,grant,snap_filed, Group contact lists generation,Snap Inc.,Snapchat Inc,Ty Giacalone,2020-02-21,2020-02-21,2021-08-31,2021-08-31,https://patentimages.storage.googleapis.com/5f/aa/52/f29f72bd19ec7f/US11108581.pdf,https://patents.google.com/patent/US11108581B1/en,"Systems, methods, devices, computer readable media, and other various embodiments are described for group contact lists generation based on modified user contacts. One embodiment involves receiving, at a server computer from a client device, a plurality of contacts, the plurality of contacts each &hellip;"
US11120273B2,B2,grant,other_assignee, Adaptive content classification of a video content item,"Gfycat, Inc.",Snap Inc,Richard Rabbat,2019-06-21,2020-06-18,2021-09-14,2021-09-14,https://patentimages.storage.googleapis.com/b0/e9/ba/d347c3e78d4d65/US11120273.pdf,https://patents.google.com/patent/US11120273B2/en,"RELATED APPLICATIONS This application claims priority to and the benefit of U.S. Patent Provisional Patent Application 62/865,037, filed on Jun. 21, 2019, entitled “ADAPTIVE CONTENT CLASSIFICATION OF A VIDEO CONTENT ITEM,” by Rabbat et al., and assigned to the <b>assignee</b> of the present application, &hellip;"
US11169667B2,B2,grant,other_assignee, Profile picture management tool on social media platform,International Business Machines Corporation,Snapchat Inc,Sandra L. Kogan,2017-11-30,2017-11-30,2021-11-09,2021-11-09,https://patentimages.storage.googleapis.com/ab/30/2c/e7113eadbf7216/US11169667.pdf,https://patents.google.com/patent/US11169667B2/en,"&hellip;  . Knowledge-based techniques classify text by affect categories based on the presence of unambiguous affect words such as “happy”, “sad”, “afraid”, and “bored”. Some knowledge bases not only list obvious affect words, but also <b>assign</b> arbitrary words a probable “affinity” to particular emotions."
US11170035B2,B2,grant,snap_filed, Context based media curation,Snap Inc.,Snap Inc,Kaveh Anvaripour,2019-03-29,2019-03-29,2021-11-09,2021-11-09,https://patentimages.storage.googleapis.com/81/86/14/267a4f9c304ab8/US11170035.pdf,https://patents.google.com/patent/US11170035B2/en,"8. The system of claim 6 , wherein the instructions cause the system to perform operations further comprising: receiving a request to <b>assign</b> one or more media tags to at least a portion of the plurality of media items. 9. The system of claim 6 , wherein the instructions cause the system to perform &hellip;"
US11176723B2,B2,grant,snap_filed, Automated dance animation,Snap Inc.,Snap Inc,Gurunandan Krishnan Gorumkonda,2019-09-30,2019-09-30,2021-11-16,2021-11-16,https://patentimages.storage.googleapis.com/0d/c9/ca/1f68dea98f590e/US11176723.pdf,https://patents.google.com/patent/US11176723B2/en,"<b>assign</b> a probability value to each motion state of the set of motion states, wherein an associated probability value for an associated motion state of the first control point is associated with a first probability that a displayed animation of the computer animation model will implement the &hellip;"
US11204959B1,B1,grant,snap_filed, Automated ranking of video clips,Snap Inc.,Snap Inc,Nathan Kenneth Boyd,2019-02-06,2019-02-06,2021-12-21,2021-12-21,https://patentimages.storage.googleapis.com/ba/ed/4e/f21f44a747d879/US11204959.pdf,https://patents.google.com/patent/US11204959B1/en,"Aspects of the present disclosure involve a system comprising a computer-readable storage medium storing at least one program and a method for ranking videos. The program and method include storing, in a database, a plurality of videos; obtaining, for a first of the plurality of videos, first data &hellip;"
US11212246B2,B2,grant,other_assignee, Messaging platform communication processing using message cluster detection and &hellip;,"Realnetworks, Inc.",Snap Inc,Randy Warshaw,2017-11-27,2018-11-27,2021-12-28,2021-12-28,https://patentimages.storage.googleapis.com/4d/e1/05/f08a2da292cc97/US11212246.pdf,https://patents.google.com/patent/US11212246B2/en,"; Twitter, provided by Twitter Inc. of San Francisco, Calif.; WhatsApp, provided by WhatsApp Inc. of Menlo Park, Calif.; Google+, provided by Google Inc. of Mountain View, Calif.; SnapChat, provided by <b>Snap Inc</b>. of Venice, Calif., and the like. The term “message” as used herein refers to textual, &hellip;"
US11222455B2,B2,grant,snap_filed, Management of pseudorandom animation system,Snap Inc.,Snap Inc,Gurunandan Krishnan Gorumkonda,2019-09-30,2019-09-30,2022-01-11,2022-01-11,https://patentimages.storage.googleapis.com/d7/06/c4/90d4d7d5bdb479/US11222455.pdf,https://patents.google.com/patent/US11222455B2/en,"The control points can have possible motions assigned to describe all possible movements of all parts of the model. A designer can then <b>assign</b> a probability to each motion, so that during a displayed animation, the likelihood of certain motions occurring are set probabilistically by the designer."
US11223589B1,B1,grant,snap_filed, Prohibited content propagation using a social network data structure,Snap Inc.,Snapchat Inc,Mette F. M. Hammer,2010-06-29,2019-10-30,2022-01-11,2022-01-11,https://patentimages.storage.googleapis.com/8a/25/1a/f1c78974d800b2/US11223589.pdf,https://patents.google.com/patent/US11223589B1/en,"&hellip;  with a proximity policy which can enable a sender node to control which recipient nodes within the social network can receive the email. For instance, Alice can <b>assign</b> a proximity policy to her email to Bob, who can be prohibited from forwarding the email to anyone outside Alice&#39;s social network."
US11240104B1,B1,grant,snap_filed, Device configuration parameter determination,Snap Inc.,Snap Inc,Michael Cieslak,2019-05-21,2019-05-21,2022-02-01,2022-02-01,https://patentimages.storage.googleapis.com/bd/86/f9/1d846af5461d65/US11240104.pdf,https://patents.google.com/patent/US11240104B1/en,"&hellip;  having the known device types. FIG. 1 is a block diagram illustrating a system 100 , according to some examples, configured to <b>assign</b> configuration parameters to devices having unknown device types. The system 100 includes one or more client devices such as client device 110 . The client device 110"
US11282253B2,B2,grant,snap_filed, Matching audio to a state-space model for pseudorandom animation,Snap Inc.,Snap Inc,Gurunandan Krishnan Gorumkonda,2019-09-30,2019-09-30,2022-03-22,2022-03-22,https://patentimages.storage.googleapis.com/f3/1c/9e/2c74cbf63ac5f1/US11282253.pdf,https://patents.google.com/patent/US11282253B2/en,"The control points can have possible motions assigned to describe all possible movements of all parts of the model. A designer can then <b>assign</b> a probability to each motion, so that during a displayed animation, the likelihood of certain motions occurring are set probabilistically by the designer."
US11297224B2,B2,grant,snap_filed, Automated eyewear device sharing system,Snap Inc.,Snap Inc|Snapchat Inc,Andrew Bartow,2019-09-30,2019-09-30,2022-04-05,2022-04-05,https://patentimages.storage.googleapis.com/8f/f4/f4/28bd5e6fd860d8/US11297224.pdf,https://patents.google.com/patent/US11297224B2/en,"Systems, devices, media, and methods are described for capturing a series of raw images by portable electronic devices, such as wearable devices including eyewear, and automating the process of processing such raw images by a client mobile device, such as a smart phone, such automation including &hellip;"
US11329944B2,B2,grant,snap_filed, Prioritizing transmissions based on user engagement,Snap Inc.,Snap Inc,Joshua Schumacher,2020-03-03,2020-03-03,2022-05-10,2022-05-10,https://patentimages.storage.googleapis.com/6f/24/df/c3ffe75a03ac87/US11329944.pdf,https://patents.google.com/patent/US11329944B2/en,Systems and methods are provided for transmitting events. The systems and methods include operations for: receiving data indicating a level of user engagement with a messaging application for a given user; determining that the level of user engagement is below a specified threshold; prioritizing a &hellip;
US11340762B2,B2,grant,snap_filed, Ranking augmented reality content based on messaging contacts,Snap Inc.,Snap Inc,Mariya Apanovych,2020-03-26,2021-03-17,2022-05-24,2022-05-24,https://patentimages.storage.googleapis.com/5a/8f/46/b9a29637f0c305/US11340762.pdf,https://patents.google.com/patent/US11340762B2/en,"Aspects of the present disclosure involve ranking augmented reality content. The program and method provide for receiving, by a messaging application, a request from a first user to compose a message for sending to a preselected second user, the message being configured to include an image &hellip;"
US11343323B2,B2,grant,snap_filed, Augmented reality objects registry,Snap Inc.,Snap Inc,Jennica Pounds,2019-12-31,2019-12-31,2022-05-24,2022-05-24,https://patentimages.storage.googleapis.com/68/ea/b8/b3b6ba3b307a72/US11343323.pdf,https://patents.google.com/patent/US11343323B2/en,"&hellip;  a geographic partition of the map, and the geographic partition containing the position of the client device on the map; and <b>assign</b> the client device to a given session operating on the given session server, the given session being for interacting with the at least one augmented reality object."
US11347554B1,B1,grant,snap_filed, Context-aware job prioritization,Snap Inc.,Snap Inc,Irina Kotelnikova,2019-11-14,2019-11-14,2022-05-31,2022-05-31,https://patentimages.storage.googleapis.com/68/ae/1c/1f1ec093b290ba/US11347554.pdf,https://patents.google.com/patent/US11347554B1/en,"Systems and methods are provided for a context-aware scheduler. In one example embodiment, the context-aware scheduler accesses a stored application context to determine that the stored application context corresponds to a change in application context from a first application context according to &hellip;"
US11348297B2,B2,grant,snap_filed, State-space system for pseudorandom animation,Snap Inc.,Snap Inc,Gurunandan Krishnan Gorumkonda,2019-09-30,2019-09-30,2022-05-31,2022-05-31,https://patentimages.storage.googleapis.com/5b/33/7a/114a6cfc57763f/US11348297.pdf,https://patents.google.com/patent/US11348297B2/en,"The control points can have possible motions assigned to describe all possible movements of all parts of the model. A designer can then <b>assign</b> a probability to each motion, so that during a displayed animation, the likelihood of certain motions occurring are set probabilistically by the designer."
US11354702B2,B2,grant,snap_filed, Generating interactive advertising with content collections,Snap Inc.,Snap Inc,Jacob Andreou,2017-04-28,2021-01-14,2022-06-07,2022-06-07,https://patentimages.storage.googleapis.com/41/00/b9/a5ea223de50c45/US11354702.pdf,https://patents.google.com/patent/US11354702B2/en,"Systems, devices, media, instructions, and methods are provided for presentation of media collections with automated interactive advertising. In one embodiment, a server system merges advertising data with interaction elements to create an advertising element, and communicates the advertising &hellip;"
US11367101B2,B2,grant,snap_filed, Interactive advertising with media collections,Snap Inc.,Snap Inc,Jacob Andreou,2017-04-28,2020-12-03,2022-06-21,2022-06-21,https://patentimages.storage.googleapis.com/b5/78/04/67a5fd35c6950d/US11367101.pdf,https://patents.google.com/patent/US11367101B2/en,"Systems, devices, media, instructions, and methods are provided for presentation of media collections with automated interactive advertising. In one embodiment, a client device receives content elements for display as part of a content collection. Advertising data is also received for display &hellip;"
US11409407B2,B2,grant,snap_filed, Map-based graphical user interface indicating geospatial activity metrics,Snap Inc.,Snap Inc,Daniel Amitay,2017-04-27,2018-04-27,2022-08-09,2022-08-09,https://patentimages.storage.googleapis.com/2d/9a/7c/006e9c18e2758a/US11409407.pdf,https://patents.google.com/patent/US11409407B2/en,A server-side administrative interface for a social media platform allows for restriction of defined geographical areas. Social media items originating from such restricted areas are automatically filtered or age-restricted for availability via a map-based graphical user interface of the social &hellip;
US11429618B2,B2,grant,snap_filed, Surfacing augmented reality objects,Snap Inc.,Snap Inc,Jennica Pounds,2019-12-30,2019-12-30,2022-08-30,2022-08-30,https://patentimages.storage.googleapis.com/16/ad/da/6d988730e3543a/US11429618.pdf,https://patents.google.com/patent/US11429618B2/en,"Various embodiments provide for a registry for augmented reality (AR) objects, which can provide AR objects to a client device to support various software or hardware applications. For instance, some embodiments provide for an AR object registry that facilitates or enables registration of one or &hellip;"
US11430247B2,B2,grant,snap_filed, Image generation using surface-based neural synthesis,Snap Inc.,Snap Inc,Iason Kokkinos,2019-11-15,2020-11-13,2022-08-30,2022-08-30,https://patentimages.storage.googleapis.com/33/c4/83/58609cca08195a/US11430247.pdf,https://patents.google.com/patent/US11430247B2/en,"Aspects of the present disclosure involve a system and a method for performing operations comprising: receiving a two-dimensional continuous surface representation of a three-dimensional object, the continuous surface comprising a plurality of landmark locations; determining a first set of soft &hellip;"
US11449539B2,B2,grant,snap_filed, Automated local story generation and curation,Snap Inc.,Snap Inc,Maria Pavlovskaia,2015-05-05,2020-02-10,2022-09-20,2022-09-20,https://patentimages.storage.googleapis.com/82/22/7c/b47283b167cde6/US11449539.pdf,https://patents.google.com/patent/US11449539B2/en,"&hellip;  to users that are very close to this location. Rather than making the story available to all users within a larger geographic area, the system may automatically <b>assign</b> an area to the story, and may make the story available only to users in the area that was generated and assigned for that story."
US11451707B2,B2,grant,snap_filed, Image capture eyewear with auto-send,Snap Inc.,Snap Inc,Yu Jiang Tham,2018-05-01,2021-03-31,2022-09-20,2022-09-20,https://patentimages.storage.googleapis.com/95/a0/8d/8c4e647f83134b/US11451707.pdf,https://patents.google.com/patent/US11451707B2/en,"a processor configured to <b>assign</b> one or more recipients to each of the first recipient indicator and the second recipient indicator, distinctly present one of the first recipient indicator or the second recipient indicator by the display system responsive to the selector, capture the image of the &hellip;"
US11455465B2,B2,grant,other_assignee, Book analysis and recommendation,Booxby Inc.,Snap Inc,Holly Lynn Payne,2016-10-13,2019-11-08,2022-09-27,2022-09-27,https://patentimages.storage.googleapis.com/48/7f/53/ce0c6c983c2e31/US11455465.pdf,https://patents.google.com/patent/US11455465B2/en,"&hellip;  reviews of a book, social commentary on their experience with the book, and ratings for a book. Example social media websites/applications may include, but are not limited to, facebook.com by Facebook, Inc., twitter.com by Twitter, Inc., and Snapchat by <b>Snap Inc</b>. The book processing system 102"
US11457196B2,B2,grant,snap_filed, Effects for 3D data in a messaging system,Snap Inc.,Snap Inc,Kyle Goodrich,2019-08-28,2020-08-28,2022-09-27,2022-09-27,https://patentimages.storage.googleapis.com/a2/00/78/8c59e2cdc470b8/US11457196.pdf,https://patents.google.com/patent/US11457196B2/en,"The subject technology selects a set of augmented reality content generators from a plurality of available augmented reality content generator based on metadata associated with each respective augmented reality content generator. The subject technology receives, at a client device, a selection of &hellip;"
US11460974B1,B1,grant,snap_filed, Content discovery refresh,Snap Inc.,Snap Inc,Michael Brian Murray,2017-11-28,2018-08-23,2022-10-04,2022-10-04,https://patentimages.storage.googleapis.com/8e/47/08/a08d67e132a1ca/US11460974.pdf,https://patents.google.com/patent/US11460974B1/en,"&hellip;  to users that are very close to this location. Rather than making the story available to all users within a larger geographic area, the system may automatically <b>assign</b> an area to the story, and may make the story available only to users in the area that was generated and assigned for that story."
US11460991B2,B2,grant,snap_filed, Prioritizing display of user icons associated with content,Snap Inc.,Snap Inc,Jeremy Voss,2019-12-30,2021-03-05,2022-10-04,2022-10-04,https://patentimages.storage.googleapis.com/b5/6a/7d/f0c70cc6397687/US11460991.pdf,https://patents.google.com/patent/US11460991B2/en,"Aspects of the present disclosure involve a system comprising a computer-readable storage medium storing a program and method for prioritizing display of an icon representing a user with available content. The program and method provide for determining a display order for multiple icons, each icon &hellip;"
US11468150B2,B2,grant,snap_filed, Collaborative public user profile,Snap Inc.,Snap Inc,Trevor Denton,2018-09-28,2020-08-04,2022-10-11,2022-10-11,https://patentimages.storage.googleapis.com/31/f0/f2/ed549209729d1a/US11468150.pdf,https://patents.google.com/patent/US11468150B2/en,A system to generate a graphical user interface to display a presentation of a set of shared user groups between users of a social networking service is described. Embodiments of the present disclosure relate generally to systems for: receiving an identification of a second user from a user &hellip;
US11468618B2,B2,grant,snap_filed, Animated expressive icon,Snap Inc.,Snap Inc,Newar Husam Al Majid,2018-02-28,2021-07-15,2022-10-11,2022-10-11,https://patentimages.storage.googleapis.com/7c/27/64/994425f5351b5b/US11468618.pdf,https://patents.google.com/patent/US11468618B2/en,"&hellip;  the expressive icon system 124 to capture facial tracking data, <b>assign</b> the facial tracking data to a graphical icon (e.g., a bitmoji, an animated expressive icon), and present the graphical icon based on the facial tracking data, according to some example embodiments. The expressive icon system 124"
US11468673B2,B2,grant,snap_filed, Augmented reality system using structured light,Snap Inc.,Snap Inc,Mohit Gupta,2018-08-24,2021-01-06,2022-10-11,2022-10-11,https://patentimages.storage.googleapis.com/6c/69/d5/621ee56dfdf763/US11468673.pdf,https://patents.google.com/patent/US11468673B2/en,"&hellip;  in the scene based on the three-dimensional computer model and on the determined difference, wherein a window size of a window for determining the disparity is adjustable, to encompass an area of the scene having predefined texture characteristics and to <b>assign</b> constant disparity to the area."
US11468883B2,B2,grant,snap_filed, Messaging system with trend analysis of content,Snap Inc.,Snap Inc,Leonardo Ribas Machado das Neves,2020-04-24,2020-09-24,2022-10-11,2022-10-11,https://patentimages.storage.googleapis.com/a5/cf/39/9b02463981ede6/US11468883.pdf,https://patents.google.com/patent/US11468883B2/en,A messaging system performs trend analysis on content produced by users of the messaging system. The messaging system is configured to extract modifications from content items received from client devices associated with users where the content items are modified using the modifications that &hellip;
US11489684B2,B2,grant,snap_filed, Assigning participants to rooms within a virtual conferencing system,Snap Inc.,Snap Inc,Andrew Cheng-min Lin,2021-03-30,2021-08-03,2022-11-01,2022-11-01,https://patentimages.storage.googleapis.com/31/1b/0a/a8caaeb206f842/US11489684.pdf,https://patents.google.com/patent/US11489684B2/en,"&hellip;  ; and providing, based on the assigning, for virtual conferencing between the plural participants within the one or more rooms, wherein the room occupancy preferences include a preference to <b>assign</b> participants to rooms with higher audio levels which correspond to higher participant conversation."
US11491393B2,B2,grant,snap_filed, Generating collectible items based on location information,Snap Inc.,Snap Inc,Jonathan Brody,2018-03-14,2021-01-21,2022-11-08,2022-11-08,https://patentimages.storage.googleapis.com/e6/59/96/a38949bade539d/US11491393.pdf,https://patents.google.com/patent/US11491393B2/en,Method for generating collectible media content items based on location information starts with processor receiving location information from location sensor coupled to first client computing device. Processor causes a map interface to be displayed that includes avatar of first user at a location &hellip;
US11501499B2,B2,grant,snap_filed, Virtual surface modification,Snap Inc.,Snap Inc,Kyle Goodrich,2018-12-20,2019-12-20,2022-11-15,2022-11-15,https://patentimages.storage.googleapis.com/b5/7e/0b/3dcf509ea7ed31/US11501499.pdf,https://patents.google.com/patent/US11501499B2/en,Aspects of the present disclosure involve a system comprising a computer-readable storage medium storing at least one program and a method for rendering virtual modifications to real-world environments depicted in image content. A reference surface is detected in a three-dimensional (3D) space &hellip;
US11507269B2,B2,grant,other_assignee, Technologies for indicating third party content and resources on mobile devices,AppEsteem Corporation,Snapchat Inc,Hong Jia,2020-04-21,2020-04-21,2022-11-22,2022-11-22,https://patentimages.storage.googleapis.com/3a/23/70/ad17a424d65341/US11507269.pdf,https://patents.google.com/patent/US11507269B2/en,"Methods, systems, and storage media are provided for accessibility services to assist users with disabilities in using touch-based interfaces and graphical user interfaces (GUIs). A client system generates and renders a GUI of a client application that comprises one or more graphical objects. The &hellip;"
US11507614B1,B1,grant,snap_filed, Icon based tagging,Snap Inc.,Snap Inc,Luis Carlos Dos Santos Marujo,2018-02-13,2018-02-13,2022-11-22,2022-11-22,https://patentimages.storage.googleapis.com/09/e4/9f/363403b7b2b55e/US11507614.pdf,https://patents.google.com/patent/US11507614B1/en,presenting a notification that comprises a request to <b>assign</b> the first data object to one or more data categories that include a data category associated with the graphical icon in response to the determining that the graphical icon appears at the first position among the sequence of characters and &hellip;
US11507977B2,B2,grant,snap_filed, Methods and systems for presentation of media collections with automated &hellip;,Snap Inc.,Snap Inc,Jacob Andreou,2016-06-28,2016-06-28,2022-11-22,2022-11-22,https://patentimages.storage.googleapis.com/a3/95/94/e3472407e9f1c9/US11507977.pdf,https://patents.google.com/patent/US11507977B2/en,"Systems, devices, media, instructions, and methods are provided for presentation of media collections with automated advertising. In one embodiment, display time data associated for a first plurality of content elements and a first advertising element as displayed on a first device are used in &hellip;"
US11520607B2,B2,grant,snap_filed, Interface to configure media content,Snap Inc.,Snap Inc,Ashley Michelle Wayne,2018-11-30,2021-05-25,2022-12-06,2022-12-06,https://patentimages.storage.googleapis.com/89/2f/48/a47efd3ff34a65/US11520607B2.pdf,https://patents.google.com/patent/US11520607B2/en,"Embodiments of the present disclosure relate to systems for performing operations that include: receiving a first media object, such as a digital representation of a logo (e.g., JPEG, TIFF, PNG, BMP, etc.), wherein the first media object comprises at least color data that defines a set of colors &hellip;"
US11531357B1,B1,grant,snap_filed, Spatial vector-based drone control,Snap Inc.,Snap Inc,Simon Saito Haagen Nielsen,2017-10-05,2018-09-28,2022-12-20,2022-12-20,https://patentimages.storage.googleapis.com/39/52/bb/86416e777eb55d/US11531357.pdf,https://patents.google.com/patent/US11531357B1/en,"&hellip;  position may be determined by the initial velocity of the launch throw. Once the drone stabilizes and waits 10-15 seconds to lapse, an on-board computer may calculate vector 325 and determine and <b>assign</b> flightpath attributes according to vector 325 . Thus, in this example, the determined flight path"
US11546388B2,B2,grant,snap_filed, Method and system for integrating real time communication features in &hellip;,Snap Inc.,Snap Inc,Michael Dröse,2013-11-26,2021-08-23,2023-01-03,2023-01-03,https://patentimages.storage.googleapis.com/fa/9c/cc/7454c8b998cc7e/US11546388.pdf,https://patents.google.com/patent/US11546388B2/en,A computer has a processor and a memory connected to the processor. The memory stores instructions executed by the processor to receive a real time communication request from a client device and perform an evaluation of the number of client devices associated with the real time communication &hellip;
US11563886B2,B2,grant,snap_filed, Automated eyewear device sharing system,Snap Inc.,Snap Inc|Snapchat Inc,Andrew Bartow,2019-09-30,2022-01-31,2023-01-24,2023-01-24,https://patentimages.storage.googleapis.com/cb/ff/89/e294414d9db275/US11563886.pdf,https://patents.google.com/patent/US11563886B2/en,"Systems, devices, media, and methods are described for capturing a series of raw images by portable electronic devices, such as wearable devices including eyewear, and automating the process of processing such raw images by a client mobile device, such as a smart phone, such automation including &hellip;"
US11574005B2,B2,grant,snap_filed, Client application content classification and discovery,Snap Inc.,Snap Inc,Nathan Kenneth Boyd,2020-05-28,2020-05-28,2023-02-07,2023-02-07,https://patentimages.storage.googleapis.com/dc/52/c8/4a327ca1b5da3f/US11574005.pdf,https://patents.google.com/patent/US11574005B2/en,"In one or more implementations, content generated using a client application may be associated with a classification. The content may be accessed based on one or more classifications associated with the content. Content may be generated by a client application executed by a client device of a &hellip;"
US11579997B2,B2,grant,snap_filed, Selectively enabling features based on rules,Snap Inc.,Snap Inc,Michael Ronald Cieslak,2019-04-15,2021-03-29,2023-02-14,2023-02-14,https://patentimages.storage.googleapis.com/1d/ff/e1/1085759058d28e/US11579997B2.pdf,https://patents.google.com/patent/US11579997B2/en,"&hellip;  , downloading additional code associated with the feature, prefetching video content for a particular user, and so forth. The graphical user interface may also allow the developer to <b>assign</b> a priority or rank to the configuration rule which may be used by the selective feature enabling system 124"
US11606532B2,B2,grant,snap_filed, Video reformatting system,Snap Inc.,Snap Inc,Joel Brandt,2018-12-27,2020-12-02,2023-03-14,2023-03-14,https://patentimages.storage.googleapis.com/ca/65/19/b4de4b07088911/US11606532.pdf,https://patents.google.com/patent/US11606532B2/en,"&hellip;  video was divided into shots and chapters, review the automatically generated edits and make further changes. For example, a user can split shots, combine shots, create new chapters, <b>assign</b> titles to the shots and chapters, change the visual presentation of the content in the shots, and so forth."
US11611522B2,B2,grant,snap_filed, Prohibited content propagation using a social network data structure,Snap Inc.,Snap Inc|Snapchat Inc,Mette F. M. Hammer,2010-06-29,2021-12-23,2023-03-21,2023-03-21,https://patentimages.storage.googleapis.com/88/0a/d8/7a7d805abadd8e/US11611522.pdf,https://patents.google.com/patent/US11611522B2/en,"&hellip;  with a proximity policy which can enable a sender node to control which recipient nodes within the social network can receive the email. For instance, Alice can <b>assign</b> a proximity policy to her email to Bob, who can be prohibited from forwarding the email to anyone outside Alice&#39;s social network."
US11621864B2,B2,grant,snap_filed, Group contact lists generation,Snap Inc.,Snap Inc,Ty Giacalone,2020-02-21,2021-08-04,2023-04-04,2023-04-04,https://patentimages.storage.googleapis.com/91/4d/43/b1fd75bc01051f/US11621864.pdf,https://patents.google.com/patent/US11621864B2/en,"In some examples, a computer-implemented method includes accessing a contact database of a sending user, the contact database includes a plurality of contact records, each contact record of the plurality of contact records being associated with a respective user and including respective graphic &hellip;"
US11625288B2,B2,grant,snap_filed, Displaying items based on a configuration file,Snap Inc.,Snap Inc,Jason Varbedian,2020-02-28,2021-05-04,2023-04-11,2023-04-11,https://patentimages.storage.googleapis.com/74/f6/8b/026c93aa8ca45a/US11625288.pdf,https://patents.google.com/patent/US11625288B2/en,"Such channels can include real-time peer-to-peer connections, push notifications, and information that is pulled from the server in a synchronization operation. The user device processes the events, based on the configuration filed received from the server, to <b>assign</b> priorities to the events. The &hellip;"
US11637654B2,B2,grant,snap_filed, OFDM packing and LDPC framing for constellation shaping in NG WLANs,Snap Inc.,Snap Inc,Yaron YOFFE,2019-08-21,2020-08-20,2023-04-25,2023-04-25,https://patentimages.storage.googleapis.com/c6/14/77/799e213c579505/US11637654.pdf,https://patents.google.com/patent/US11637654B2/en,"An apparatus for a station (STA) configured for operating in a next-generation (NG) wireless local area network (WLAN) comprises the processing circuitry configured to modify probabilities of constellation points to generate a more Gaussian distribution. In these embodiments, for LDPC framing and &hellip;"
US11660022B2,B2,grant,snap_filed, Adaptive skeletal joint smoothing,Snap Inc.,Snap Inc,Avihay Assouline,2020-10-27,2020-11-06,2023-05-30,2023-05-30,https://patentimages.storage.googleapis.com/ad/3d/a0/4d67ef13338a75/US11660022.pdf,https://patents.google.com/patent/US11660022B2/en,Aspects of the present disclosure involve a system comprising a computer-readable storage medium storing a program and a method for performing operations comprising: receiving a video that includes a depiction of a body of a user; detecting a plurality of skeletal joints of the body depicted in &hellip;
US11665312B1,B1,grant,snap_filed, Video reformatting recommendation,Snap Inc.,Snap Inc,Joel Brandt,2018-12-27,2018-12-27,2023-05-30,2023-05-30,https://patentimages.storage.googleapis.com/f0/59/bf/515cc0c722b1ee/US11665312.pdf,https://patents.google.com/patent/US11665312B1/en,"&hellip;  video was divided into shots and chapters, review the automatically generated edits, and make further changes. For example, a user can split shots, combine shots, create new chapters, <b>assign</b> titles to the shots and chapters, change the visual presentation of the content in the shots, and so forth."
US11676319B2,B2,grant,snap_filed, Augmented reality anthropomorphtzation system,Snap Inc.,Snap Inc,Itamar Berger,2018-08-31,2022-07-12,2023-06-13,2023-06-13,https://patentimages.storage.googleapis.com/96/e2/d0/7c7b7bc13c9f66/US11676319.pdf,https://patents.google.com/patent/US11676319B2/en,"&hellip;  user to design and configure a media object to be displayed within the presentation of the space, upon the object. In further embodiments, the AR system may receive inputs that <b>assign</b> a set of media object features to one or more attributes of objects presented within the presentation of the space."
US11676342B2,B2,grant,snap_filed, Providing 3D data for messages in a messaging system,Snap Inc.,Snap Inc,Kyle Goodrich,2019-08-28,2022-09-23,2023-06-13,2023-06-13,https://patentimages.storage.googleapis.com/06/bc/2d/24c0b038926691/US11676342.pdf,https://patents.google.com/patent/US11676342B2/en,"The subject technology generates depth data using a machine learning model based at least in part on captured image data from at least one camera of a client device. The subject technology applies, to the captured image data and the generated depth data, a 3D effect based at least in part on an &hellip;"
US11681749B2,B2,grant,snap_filed, Automated ranking of video clips,Snap Inc.,Snap Inc,Nathan Kenneth Boyd,2019-02-06,2021-11-17,2023-06-20,2023-06-20,https://patentimages.storage.googleapis.com/9b/db/92/3a6af35e069cfd/US11681749.pdf,https://patents.google.com/patent/US11681749B2/en,"Aspects of the present disclosure involve a system comprising a computer-readable storage medium storing at least one program and a method for ranking videos. The program and method include storing, in a database, a plurality of videos; obtaining, for a first of the plurality of videos, first data &hellip;"
US11682089B2,B2,grant,snap_filed," Open house realty system, server and method",Shannon Lee Quagliata,Snap Inc,Shannon Lee Quagliata,2018-03-13,2019-03-13,2023-06-20,2023-06-20,https://patentimages.storage.googleapis.com/24/28/89/323af3986e19ef/US11682089.pdf,https://patents.google.com/patent/US11682089B2/en,"Some embodiments include a computer-implemented method of providing a computer system including a processor and access to at least one coupled source of real estate records. A storage medium includes program logic that when executed by a coupled processor, causes the computer system to access or &hellip;"
US11687222B2,B2,grant,snap_filed, Prioritizing display of user icons associated with content,Snap Inc.,Snap Inc,Jeremy Voss,2019-12-30,2022-10-03,2023-06-27,2023-06-27,https://patentimages.storage.googleapis.com/06/47/b3/42ae05f6305302/US11687222.pdf,https://patents.google.com/patent/US11687222B2/en,"Aspects of the present disclosure involve a system comprising a computer-readable storage medium storing a program and method for prioritizing display of an icon representing a user with available content. The program and method provide for determining a display order for multiple icons, each icon &hellip;"
US11689696B2,B2,grant,snap_filed, Configuring participant video feeds within a virtual conferencing system,Snap Inc.,Snap Inc,Andrew Cheng-min Lin,2021-03-30,2021-07-30,2023-06-27,2023-06-27,https://patentimages.storage.googleapis.com/32/bb/f6/ea3496d7be486e/US11689696.pdf,https://patents.google.com/patent/US11689696B2/en,"&hellip;  participants, display of the room based on the properties for the plural participant video elements; and <b>assign</b>, for each of the plural participants, a participant video feed corresponding to the participant with a respective participant video element of the plural participant video elements."
US11714868B1,B1,grant,snap_filed, Generating a suggestion inventory,Snap Inc.,Snap Inc,Amit Datta,2018-07-09,2019-07-08,2023-08-01,2023-08-01,https://patentimages.storage.googleapis.com/1f/ae/90/9ed741beaafe50/US11714868.pdf,https://patents.google.com/patent/US11714868B1/en,Disclosed are methods and systems for generating a suggestion inventory that provides improved user engagement while ensuring privacy of relationships on a social network. The methods and systems include accessing an entity graph that specifies connections between a plurality of users on the &hellip;
US11720640B2,B2,grant,snap_filed, Searching social media content,Snap Inc.,Snap Inc,Newar Husam Al Majid,2017-02-17,2021-12-22,2023-08-08,2023-08-08,https://patentimages.storage.googleapis.com/83/d4/2d/4b2f064f04cd6f/US11720640.pdf,https://patents.google.com/patent/US11720640B2/en,"Various embodiments provide for systems, methods, and computer-readable storage media that improve media content search functionality and curation of media content. For instance, various embodiments described in this document provide features that can present media content items in the form of &hellip;"
US11738277B2,B2,grant,snap_filed, Game testing system,Snap Inc.,Snap Inc,William Wu,2018-10-31,2021-07-19,2023-08-29,2023-08-29,https://patentimages.storage.googleapis.com/45/a4/06/38639378f1762a/US11738277.pdf,https://patents.google.com/patent/US11738277B2/en,"&hellip;  The method of claim 1 further comprising receiving, with the gaming application testing platform, a request from the first user to <b>assign</b> an advertisement slot in the gaming application, the advertisement slot being associated with a reward video presented during gameplay of the gaming application."
US11750767B2,B2,grant,snap_filed, Selective identification and order of image modifiers,Snap Inc.,Snap Inc,Ebony James Charlton,2016-11-07,2021-12-15,2023-09-05,2023-09-05,https://patentimages.storage.googleapis.com/26/09/bb/d8d55d35c02724/US11750767.pdf,https://patents.google.com/patent/US11750767B2/en,"Systems, devices, media and methods are presented for presentation of modified objects within a video stream. The systems and methods select an object of interest depicted within a user interface based on an associated image modifier, determine a modifier context based at least in part on one or &hellip;"
US11776256B2,B2,grant,snap_filed, Shared augmented reality system,Snap Inc.,Snap Inc,David Li,2020-03-27,2022-01-26,2023-10-03,2023-10-03,https://patentimages.storage.googleapis.com/51/96/a9/3234a668d042a3/US11776256.pdf,https://patents.google.com/patent/US11776256B2/en,"In some embodiments, the shared AR system may <b>assign</b> a user of the client device to a “team” responsive to detecting the client device associated with the user at a location. Detection of the client device at a location may be based on a geo-fence that encompasses the location, location data &hellip;"
US11778149B2,B2,grant,snap_filed, Headware with computer and optical element for use therewith and systems &hellip;,Snap Inc.,Snapchat Inc,Erick Miller,2011-05-11,2021-08-09,2023-10-03,2023-10-03,https://patentimages.storage.googleapis.com/f0/f3/86/bfd974d1c23534/US11778149.pdf,https://patents.google.com/patent/US11778149B2/en,"An apparatus for mounting on a head including a frame, A face-wearable near-ocular optics and a micro-display for displaying data in front of the eyes is provided. A computing device is coupled to the micro-display. At least one sensor is coupled to the computing device for receiving biometric &hellip;"
US11782574B2,B2,grant,snap_filed, Map-based graphical user interface indicating geospatial activity metrics,Snap Inc.,Snap Inc,Daniel Amitay,2017-04-27,2022-08-02,2023-10-10,2023-10-10,https://patentimages.storage.googleapis.com/fd/8a/8d/d0a6dfa07c1bc9/US11782574.pdf,https://patents.google.com/patent/US11782574B2/en,A server-side administrative interface for a social media platform allows for restriction of defined geographical areas. Social media items originating from such restricted areas are automatically filtered or age-restricted for availability via a map-based graphical user interface of the social &hellip;
US11783556B2,B2,grant,snap_filed, Augmented reality content generators including 3D data in a messaging system,Snap Inc.,Snap Inc,Kyle Goodrich,2020-04-13,2022-11-16,2023-10-10,2023-10-10,https://patentimages.storage.googleapis.com/2e/42/de/724d1a81de6746/US11783556.pdf,https://patents.google.com/patent/US11783556B2/en,"The subject technology selects a set of augmented reality content generators from available augmented reality content generators, the selected set of augmented reality content generators comprising at least one augmented reality content generator for applying a three-dimensional (3D) effect. The &hellip;"
US11789582B2,B2,grant,snap_filed, Content collection navigation queue,Snap Inc.,Snap Inc,Jacob Andreou,2016-10-07,2022-07-22,2023-10-17,2023-10-17,https://patentimages.storage.googleapis.com/dd/7b/8a/01aefe581f5c72/US11789582.pdf,https://patents.google.com/patent/US11789582B2/en,"Systems and methods for communicating and displaying collections of images according to a user-selected queue are described. In some example embodiments, a system aggregates content items organized into collections for display to a user on a device. The system receives a selection from the user of &hellip;"
US11789972B2,B2,grant,snap_filed, Data synchronization for content consumed via a client application,Snap Inc.,Snap Inc,David Andrew Killian,2020-03-31,2021-03-18,2023-10-17,2023-10-17,https://patentimages.storage.googleapis.com/4b/6e/18/18ffadfab81484/US11789972.pdf,https://patents.google.com/patent/US11789972B2/en,Systems and methods are provided for data synchronization for client application generated data. Content may be generated by a client application executed by a creator client device and sent to a server system that may distribute the content to one or more additional client devices of recipients &hellip;
US11790051B2,B2,grant,snap_filed, Collaborative public user profile,Snap Inc,Snap Inc,Trevor Denton,2018-09-28,2022-08-01,2023-10-17,2023-10-17,https://patentimages.storage.googleapis.com/d6/e3/c1/1c9c5ee1159023/US11790051.pdf,https://patents.google.com/patent/US11790051B2/en,A system to generate a graphical user interface to display a presentation of a set of shared user groups between users of a social networking service is described. Embodiments of the present disclosure relate generally to systems for: receiving an identification of a second user from a user &hellip;
US11790585B2,B2,grant,snap_filed, State-space system for pseudorandom animation,Snap Inc.,Snap Inc,Gurunandan Krishnan Gorumkonda,2019-09-30,2022-05-27,2023-10-17,2023-10-17,https://patentimages.storage.googleapis.com/d1/f1/fd/3b43955e9581d7/US11790585.pdf,https://patents.google.com/patent/US11790585B2/en,"The control points can have possible motions assigned to describe all possible movements of all parts of the model. A designer can then <b>assign</b> a probability to each motion, so that during a displayed animation, the likelihood of certain motions occurring are set probabilistically by the designer."
US11800189B2,B2,grant,snap_filed, Automated graphical image modification scaling based on rules,Snap Inc.,Snap Inc,Michael Ronald Cieslak,2019-04-23,2021-04-08,2023-10-24,2023-10-24,https://patentimages.storage.googleapis.com/6b/58/5c/643daaf57bef2b/US11800189.pdf,https://patents.google.com/patent/US11800189B2/en,"Aspects of the present disclosure involve systems and methods for performing operations comprising receiving, with a messaging application, user input to access a graphical image modification feature of the messaging application; in response to receiving, causing display of a video; accessing a &hellip;"
US11812347B2,B2,grant,snap_filed, Non-textual communication and user states management,Snap Inc.,Snap Inc,Andrés Monroy-Hernández,2019-09-06,2020-09-08,2023-11-07,2023-11-07,https://patentimages.storage.googleapis.com/31/45/38/84ca3cec0af689/US11812347.pdf,https://patents.google.com/patent/US11812347B2/en,"For example, if weather data indicates today is sunny, the state system may <b>assign</b> a score (e.g., 0.1) to the happy state, but may <b>assign</b> a score 0 to sad, at home, or activity state of the user. In another example, if the user state system determines the user is at home, the system may <b>assign</b> a &hellip;"
US11822600B2,B2,grant,snap_filed, Content tagging,Snap Inc.,Snap Inc|Snapchat Inc,Xiaoyu Wang,2015-09-15,2021-01-22,2023-11-21,2023-11-21,https://patentimages.storage.googleapis.com/4d/9a/cc/0f8d4637e49927/US11822600.pdf,https://patents.google.com/patent/US11822600B2/en,"<b>assign</b> one or more tags of the third plurality of tags to portions of the image data based on a comparison of a plurality of output values with threshold values, wherein each tag of the first plurality of tags, the second plurality of tags, and the third plurality of tags indicates a prediction &hellip;"
US11825065B2,B2,grant,snap_filed, Effects for 3D data in a messaging system,Snap Inc.,Snap Inc,Kyle Goodrich,2019-08-28,2022-09-22,2023-11-21,2023-11-21,https://patentimages.storage.googleapis.com/e3/f7/5f/9c79a1c71b9e55/US11825065.pdf,https://patents.google.com/patent/US11825065B2/en,"The subject technology receives, at a client device, a selection of a selectable graphical item from a plurality of selectable graphical items, the selectable graphical item comprising an augmented reality content generator including a 3D effect. The subject technology applies, to image data and &hellip;"
US11841896B2,B2,grant,snap_filed, Icon based tagging,Snap Inc.,Snap Inc,Luis Carlos Dos Santos Marujo,2018-02-13,2022-07-29,2023-12-12,2023-12-12,https://patentimages.storage.googleapis.com/20/9c/ad/9f96a411c64a6b/US11841896.pdf,https://patents.google.com/patent/US11841896B2/en,"Example embodiments described herein relate to an icon based tagging system to associate a graphical icon (e.g., an emoji) with a data category, receive media content that includes a data object and the graphical icon, <b>assign</b> the media content to the data category based on the presence of the &hellip;"
US11861795B1,B1,grant,snap_filed, Augmented reality anamorphosis system,Snap Inc.,Snap Inc,Piers Cowburn,2017-02-17,2019-02-15,2024-01-02,2024-01-02,https://patentimages.storage.googleapis.com/02/4f/ff/2403986a48e8d8/US11861795.pdf,https://patents.google.com/patent/US11861795B1/en,"In some example embodiments, users may generate and tag their own anamorphic media to locations. A user at a location may generate anamorphic media to be displayed in a space, and <b>assign</b> the anamorphic media to a position in the space. For example, the user may specify the position of the &hellip;"
US11887260B2,B2,grant,snap_filed, AR position indicator,Snap Inc.,Snap Inc,Avihay Assouline,2021-12-30,2021-12-30,2024-01-30,2024-01-30,https://patentimages.storage.googleapis.com/7a/59/05/7dbba62a7269fc/US11887260.pdf,https://patents.google.com/patent/US11887260B2/en,Aspects of the present disclosure involve a system for presenting augmented reality (AR) items. The system performs operations including receiving a video that includes a depiction of a real-world environment and generating a 3D model of the real-world environment based on the video. The &hellip;
US11893790B2,B2,grant,snap_filed, Augmented reality item collections,Snap Inc.,Snap Inc,Kaveh Anvaripour,2020-03-30,2022-04-14,2024-02-06,2024-02-06,https://patentimages.storage.googleapis.com/a1/6d/e7/842d20242714dc/US11893790.pdf,https://patents.google.com/patent/US11893790B2/en,"Systems and methods are provided for performing operations including: receiving, via a messaging application, input that selects a collection of augmented reality items; obtaining an identifier of the collection of the augmented reality items; searching, based on the identifier, a plurality of &hellip;"
US11895068B2,B2,grant,snap_filed, Automated content curation and communication,Snap Inc.,Snap Inc|Snapchat Inc,Jianchao Yang,2016-06-30,2021-07-12,2024-02-06,2024-02-06,https://patentimages.storage.googleapis.com/bb/cf/d2/0d6b209fb6e0d5/US11895068.pdf,https://patents.google.com/patent/US11895068B2/en,"Systems, devices, methods, media, and instructions for automated image processing and content curation are described. In one embodiment a server computer system receives a plurality of content communications from a plurality of client devices, each content communication comprising an associated &hellip;"
US11902234B2,B2,grant,snap_filed, Prohibited content propagation using a social network data structure,Snap Inc.,Snap Inc,Mette F. M. Hammer,2010-06-29,2023-03-08,2024-02-13,2024-02-13,https://patentimages.storage.googleapis.com/58/f1/b8/c45b40b69a41b3/US11902234.pdf,https://patents.google.com/patent/US11902234B2/en,"&hellip;  with a proximity policy which can enable a sender node to control which recipient nodes within the social network can receive the email. For instance, Alice can <b>assign</b> a proximity policy to her email to Bob, who can be prohibited from forwarding the email to anyone outside Alice&#39;s social network."
US11928167B2,B2,grant,snap_filed, Determining classification recommendations for user content,Snap Inc.,Snap Inc,Nathan Kenneth Boyd,2021-03-31,2022-03-30,2024-03-12,2024-03-12,https://patentimages.storage.googleapis.com/32/f4/58/2dd3a204c7aae8/US11928167.pdf,https://patents.google.com/patent/US11928167B2/en,"In one or more implementations, content generated using a client application may be associated with a classification. A number of classifications may be recommended to users of a client application based on alphanumeric characters entered by the users. Additionally, a number of classifications may &hellip;"
US11941767B2,B2,grant,snap_filed, AR-based connected portal shopping,Snap Inc.,Snap Inc,Itamar Berger,2021-05-19,2023-03-09,2024-03-26,2024-03-26,https://patentimages.storage.googleapis.com/1c/9c/cc/6bee1f6685bc46/US11941767.pdf,https://patents.google.com/patent/US11941767B2/en,Aspects of the present disclosure involve a system comprising a computer-readable storage medium storing a program and a method for performing operations comprising: receiving a request from a client device of a first user to engage in a shared augmented reality (AR) shopping experience with a &hellip;
US11943283B2,B2,grant,snap_filed, Dynamically assigning storage locations for messaging system data,Snap Inc.,Snap Inc,Bradley Baron,2020-03-31,2023-04-03,2024-03-26,2024-03-26,https://patentimages.storage.googleapis.com/10/17/26/96cd5d28c0292a/US11943283.pdf,https://patents.google.com/patent/US11943283B2/en,124 in the client device 102 to exchange data used identify and <b>assign</b> storage locations to data associated with a user and data associated with a communication session including a plurality of users. The data storage server controller 126 can also be coupled to the messaging server application 114
US11943303B2,B2,grant,snap_filed, Augmented reality objects registry,Snap Inc.,Snap Inc,Jennica Pounds,2019-12-31,2022-05-20,2024-03-26,2024-03-26,https://patentimages.storage.googleapis.com/5d/3b/e7/9b5f905fb6db4c/US11943303.pdf,https://patents.google.com/patent/US11943303B2/en,"<b>assign</b> the client device to a given session operating on the given session server, the assigning of the client device to the given session comprising redirecting the client device from the mapping server to the given session server, the given session being for interacting with the at least one &hellip;"
US11954762B2,B2,grant,snap_filed, Object replacement system,Snap Inc.,Snap Inc,Viacheslav Ivanov,2022-01-19,2022-01-19,2024-04-09,2024-04-09,https://patentimages.storage.googleapis.com/27/1d/c9/0f570c9519aed0/US11954762.pdf,https://patents.google.com/patent/US11954762B2/en,Aspects of the present disclosure involve a system comprising a computer-readable storage medium storing a program and a method for performing operations comprising: receiving an image that includes a depiction of a real-world environment; processing the image to obtain data indicating presence of &hellip;
US11956304B2,B2,grant,snap_filed, Dynamically assigning storage locations for messaging system data,Snap Inc.,Snap Inc,Bradley Baron,2020-03-31,2023-04-24,2024-04-09,2024-04-09,https://patentimages.storage.googleapis.com/1f/a1/d9/d385038ddef1da/US11956304.pdf,https://patents.google.com/patent/US11956304B2/en,&hellip;  124 in the client device 102 to exchange data used identify and <b>assign</b> storage locations to data associated with a user and data associated with a communication session including a plurality of users. The data storage server controller 126 can also be coupled to the messaging server application 114
US11961189B2,B2,grant,snap_filed, Providing 3D data for messages in a messaging system,Snap Inc.,Snap Inc,Kyle Goodrich,2019-08-28,2023-05-05,2024-04-16,2024-04-16,https://patentimages.storage.googleapis.com/43/cf/bb/cde14a5c12504a/US11961189.pdf,https://patents.google.com/patent/US11961189B2/en,"The subject technology generates depth data using a machine learning model based at least in part on captured image data from at least one camera of a client device. The subject technology applies, to the captured image data and the generated depth data, a 3D effect based at least in part on an &hellip;"
US11968055B2,B2,grant,snap_filed, Assigning participants to rooms within a virtual conferencing system,Snap Inc.,Snap Inc,Andrew Cheng-min Lin,2021-03-30,2022-10-11,2024-04-23,2024-04-23,https://patentimages.storage.googleapis.com/56/da/2f/63a696b6488dc7/US11968055.pdf,https://patents.google.com/patent/US11968055B2/en,"&hellip;  to one or more rooms of the plural rooms; and providing, based on the assigning, for virtual conferencing between the plural participants within the one or more rooms, wherein the room occupancy preferences include a preference to <b>assign</b> participants to rooms with higher participant conversation."
US11968460B2,B2,grant,snap_filed, Image capture eyewear with auto-send,Snap Inc.,Snap Inc,Yu Jiang Tham,2018-05-01,2022-07-27,2024-04-23,2024-04-23,https://patentimages.storage.googleapis.com/84/01/ea/681ade65e2af51/US11968460.pdf,https://patents.google.com/patent/US11968460B2/en,"a processor configured to <b>assign</b> one or more recipients to each of the first recipient indicator and the second recipient indicator, cause the display system to distinctly present one of the first recipient indicator or the second recipient indicator, cause the camera to capture the image of the &hellip;"
US11983461B2,B2,grant,snap_filed, Speech-based selection of augmented reality content for detected objects,Snap Inc.,Snap Inc,Joseph Timothy Fortier,2020-03-26,2021-03-24,2024-05-14,2024-05-14,https://patentimages.storage.googleapis.com/f4/90/ae/fe66ff0f493acf/US11983461.pdf,https://patents.google.com/patent/US11983461B2/en,&hellip;  object depicted in the image and an action to perform with respect to the object; determine first attributes of the object; <b>assign</b> weights to each of the first attributes of the object; rank plural augmented reality content items based on the assigned weights and on second attributes of the action; &hellip;
US11995108B2,B2,grant,snap_filed," Systems, devices, and methods for content selection",Snap Inc.,Snapchat Inc,Jason Brewer,2017-07-31,2021-11-09,2024-05-28,2024-05-28,https://patentimages.storage.googleapis.com/81/f6/64/51d679c4beba18/US11995108.pdf,https://patents.google.com/patent/US11995108B2/en,"Disclosed are systems, methods, and computer-readable storage media to present content on an electronic display. In one aspect, a method includes identifying a first candidate content and a second candidate content for presentation on an electronic display, determining a first probability and a &hellip;"
US11998833B2,B2,grant,snap_filed, Generating collectible items based on location information,Snap Inc.,Snap Inc,Jonathan Brody,2018-03-14,2022-09-28,2024-06-04,2024-06-04,https://patentimages.storage.googleapis.com/bf/be/2e/2b253637bb6beb/US11998833.pdf,https://patents.google.com/patent/US11998833B2/en,Method for generating collectible media content items based on location information starts with processor receiving location information from location sensor coupled to first client computing device. Processor causes a map interface to be displayed that includes avatar of first user at a location &hellip;
US12001498B2,B2,grant,snap_filed, Automatic article enrichment by social media trends,Snap Inc.,Snap Inc,Eran Cohen,2014-06-05,2015-06-04,2024-06-04,2024-06-04,https://patentimages.storage.googleapis.com/1e/cc/65/b7d54b3a41a0e4/US12001498.pdf,https://patents.google.com/patent/US12001498B2/en,"<b>assign</b> similarity values to one or more terms in the extracted terms based on similarity to the trend, the one or more terms comprising a first term and a second term, the first term clustering closer to the trend than the second term, and the first term is assigned a higher similarity value than &hellip;"
US12020386B2,B2,grant,snap_filed, Applying pregenerated virtual experiences in new location,Snap Inc.,Snap Inc,Gal Dudovitch,2022-06-23,2022-06-23,2024-06-25,2024-06-25,https://patentimages.storage.googleapis.com/e3/33/49/af039603f062c8/US12020386.pdf,https://patents.google.com/patent/US12020386B2/en,"TECHNICAL FIELD The present disclosure relates generally to providing augmented reality experiences using a messaging application. BACKGROUND Augmented Reality (AR) is a modification of a virtual environment. For example, in Virtual Reality (VR), a user is completely immersed in a virtual world;"
US12021820B2,B2,grant,snap_filed, Messaging system of partial and out-of-order events,Snap Inc.,Snap Inc,Bradley Baron,2020-03-31,2023-01-13,2024-06-25,2024-06-25,https://patentimages.storage.googleapis.com/60/d5/0e/cc72f90653db1e/US12021820.pdf,https://patents.google.com/patent/US12021820B2/en,"Methods, systems, and computer readable medium are provided for receiving an event message in a plurality of event messages, the event message comprising a sequence number and associated data, identifying the event message as an out-of-order event message based on the sequence number, assigning a &hellip;"
US12028301B2,B2,grant,snap_filed, Contextual generation and selection of customized media content,Snap Inc.,Snap Inc,Jacob Edward Blackstock,2017-01-09,2023-01-31,2024-07-02,2024-07-02,https://patentimages.storage.googleapis.com/1d/89/71/ab27274adc7914/US12028301.pdf,https://patents.google.com/patent/US12028301B2/en,"Among other things, embodiments of the present disclosure improve the functionality of electronic messaging software and systems by generating and selecting customized media content items (such as images) with avatars of different users within electronic messages based on the context of &hellip;"
US12033191B2,B2,grant,snap_filed," Generation, curation, and presentation of media collections with automated &hellip;",Snap Inc.,Snap Inc,Jacob Andreou,2016-06-28,2023-03-29,2024-07-09,2024-07-09,https://patentimages.storage.googleapis.com/3c/23/c5/054bae2b612dbd/US12033191.pdf,https://patents.google.com/patent/US12033191B2/en,"Systems, devices, media, instructions, and methods for computer based automated content generation, curation, and presentation are described. In one embodiment a content collection is generated with a first continuous presentation group by associating a first content element from a first content &hellip;"
US12035198B2,B2,grant,snap_filed, Visitation tracking system,Snap Inc.,Snap Inc,Xueyin Chen,2018-04-18,2023-05-22,2024-07-09,2024-07-09,https://patentimages.storage.googleapis.com/05/6d/bf/0d2801858e036a/US12035198.pdf,https://patents.google.com/patent/US12035198B2/en,"&hellip;  as the user is riding along a path to a destination, the visitation tracking system retrieves location data that identifies a location of the client device at any given time along the drive. As discussed above, the visitation tracking system may additionally <b>assign</b> time-stamps to the location data."
US12050654B2,B2,grant,snap_filed, Searching social media content,Snap Inc.,Snap Inc,Newar Husam Al Majid,2017-02-17,2023-06-26,2024-07-30,2024-07-30,https://patentimages.storage.googleapis.com/00/4c/7a/685f1a21bd5211/US12050654.pdf,https://patents.google.com/patent/US12050654B2/en,"Various embodiments provide for systems, methods, and computer-readable storage media that improve media content search functionality and curation of media content. For instance, various embodiments described in this document provide features that can present media content items in the form of &hellip;"
US12061772B2,B2,grant,snap_filed, Ranking augmented reality content based on messaging contacts,Snap Inc.,Snap Inc,Mariya Apanovych,2020-03-26,2022-05-23,2024-08-13,2024-08-13,https://patentimages.storage.googleapis.com/3e/e1/5d/bc1923e6907e02/US12061772.pdf,https://patents.google.com/patent/US12061772B2/en,"Aspects of the present disclosure involve ranking augmented reality content. The program and method provide for receiving, by a messaging application, a request from a first user to compose a message for sending to a preselected second user, the message being configured to include an image &hellip;"
US12062084B2,B2,grant,snap_filed," Method, system, and machine-readable storage medium for VR-based connected &hellip;",Snap Inc.,Snap Inc,Itamar Berger,2021-05-19,2021-05-19,2024-08-13,2024-08-13,https://patentimages.storage.googleapis.com/75/96/f1/9fd120cbaf586a/US12062084.pdf,https://patents.google.com/patent/US12062084B2/en,Aspects of the present disclosure involve a system comprising a computer-readable storage medium storing programs and methods for performing operations comprising: receiving a request from a client device of a first user to engage in a shared virtual reality shopping experience with a second user;
US12080174B2,B2,grant,snap_filed, Drone pairing,Snap Inc.,Snap Inc,Simon Saito Haagen Nielsen,2018-03-06,2022-05-19,2024-09-03,2024-09-03,https://patentimages.storage.googleapis.com/8e/3e/20/75c1f8070c6915/US12080174.pdf,https://patents.google.com/patent/US12080174B2/en,", wherein assigning numbers to each of the first drone and the second drone to determine an order of precedence between the first drone and the second drone comprises a user tapping the user device one time on the first drone to <b>assign</b> a first priority and two times on the second drone to <b>assign</b> a &hellip;"
US12088613B2,B2,grant,snap_filed, Machine learning powered authentication challenges,Snap Inc.,Snap Inc,Neil Shah,2019-06-24,2023-04-20,2024-09-10,2024-09-10,https://patentimages.storage.googleapis.com/b0/dd/66/165a4d42a39f4d/US12088613.pdf,https://patents.google.com/patent/US12088613B2/en,"further associates each login feature vector with an associated challenge response label. For example, the training data generation system 204 may comprise a set of rules which <b>assign</b> each feature in a login feature vector with a predefined risk score. The training data generation system 204"
US12099701B2,B2,grant,snap_filed, Message thread prioritization interface,Snap Inc.,Snap Inc,Jeremy Voss,2019-08-05,2022-06-14,2024-09-24,2024-09-24,https://patentimages.storage.googleapis.com/c3/be/92/f7b0e970165930/US12099701.pdf,https://patents.google.com/patent/US12099701B2/en,"Responsive to allocating a message thread to the allocable region, the message prioritization interface may <b>assign</b> one or more graphical icons to the display of the message thread to provide an indication that the message thread has been pinned to the first position in the GUI that correspond with &hellip;"
US12099702B2,B2,grant,snap_filed, Messaging system for resurfacing content items,Snap Inc.,Snap Inc,Jonathan Dale Brody,2020-12-21,2023-04-19,2024-09-24,2024-09-24,https://patentimages.storage.googleapis.com/cf/78/f4/c18592cf698f8c/US12099702.pdf,https://patents.google.com/patent/US12099702B2/en,"in response to the user performing a second interaction with the content item, determining a second score to <b>assign</b> to the interaction and updating the resurface score associated with the content item with the second score, wherein the second score is determined to be higher when the second &hellip;"
US12106412B2,B2,grant,snap_filed, Matching audio to a state-space model for pseudorandom animation,Snap Inc.,Snap Inc,Gurunandan Krishnan Gorumkonda,2019-09-30,2021-06-17,2024-10-01,2024-10-01,https://patentimages.storage.googleapis.com/41/8d/0f/9dcf7f770f2701/US12106412.pdf,https://patents.google.com/patent/US12106412B2/en,"The control points can have possible motions assigned to describe all possible movements of all parts of the model. A designer can then <b>assign</b> a probability to each motion, so that during a displayed animation, the likelihood of certain motions occurring are set probabilistically by the designer."
US12107698B2,B2,grant,snap_filed, Breakout sessions based on tagging users within a virtual conferencing system,Snap Inc.,Snap Inc,Andrew Cheng-min Lin,2021-03-30,2021-08-02,2024-10-01,2024-10-01,https://patentimages.storage.googleapis.com/ff/fd/81/8b01b64e5f6006/US12107698.pdf,https://patents.google.com/patent/US12107698B2/en,"Aspects of the present disclosure involve a system comprising a computer-readable storage medium storing a program and method for providing breakout sessions based on tagging users within a virtual conferencing system. The program and method provide, in association with designing a virtual space &hellip;"
US12132688B2,B2,grant,snap_filed, Selective presentation of group messages,Snap Inc.,Snap Inc,William Wu,2017-02-20,2021-02-10,2024-10-29,2024-10-29,https://patentimages.storage.googleapis.com/26/45/d4/37593cd8eb4a0f/US12132688.pdf,https://patents.google.com/patent/US12132688B2/en,"&hellip;  new group chat conversations. For example, the group chat interface can enable a user to select one or more participants to include in the group chat conversation, <b>assign</b> a group chat interface name, and/or transmit a message to the selected participants as part of the group chat conversation."
US12143884B2,B2,grant,other_assignee, Inference pipeline system and method,"Fouresquare Labs, Inc.",Snap Inc,David Shim,2012-02-24,2017-07-31,2024-11-12,2024-11-12,https://patentimages.storage.googleapis.com/78/74/30/ae8df8d6f83603/US12143884.pdf,https://patents.google.com/patent/US12143884B2/en,"A system to infer place data is disclosed that receives location data collected on a user&#39;s mobile electronic device, recognizes when, where and for how long the user makes stops, generates possible places visited, and predicts the likelihood of a user to visit those places."
US12147817B2,B2,grant,snap_filed, Automated scaling of application features based on rules,Snap Inc.,Snap Inc,Michael Ronald Cieslak,2019-04-17,2023-05-19,2024-11-19,2024-11-19,https://patentimages.storage.googleapis.com/39/96/e1/aa579bc312f6d0/US12147817.pdf,https://patents.google.com/patent/US12147817B2/en,"Aspects of the present disclosure involve systems and methods for performing operations comprising providing a messaging application comprising a feature to a client device, the feature being implemented by operations having alternative complexity levels, wherein a first complexity level &hellip;"
US12149491B2,B2,grant,other_assignee, Messaging platform communication processing using message cluster detection and &hellip;,Realnetworks Llc,Snap Inc,Randy Warshaw,2017-11-27,2021-12-23,2024-11-19,2024-11-19,https://patentimages.storage.googleapis.com/76/3e/25/0e8340601a8938/US12149491.pdf,https://patents.google.com/patent/US12149491B2/en,"WhatsApp, provided by WhatsApp Inc. of Menlo Park, CA; Google+, provided by Google Inc. of Mountain View, CA; SnapChat, provided by <b>Snap Inc</b>. of Venice, CA, and the like. The term “message” as used herein refers to textual, multimedia, or other communications sent by a sender to a recipient, and &hellip;"
US12153446B2,B2,grant,snap_filed, Spatial vector-based drone control,Snap Inc.,Snap Inc,Simon Saito Haagen Nielsen,2017-10-05,2022-11-03,2024-11-26,2024-11-26,https://patentimages.storage.googleapis.com/86/f9/88/2b4bccc162816b/US12153446.pdf,https://patents.google.com/patent/US12153446B2/en,"&hellip;  position may be determined by the initial velocity of the launch throw. Once the drone stabilizes and waits 10-15 seconds to lapse, an on-board computer may calculate vector 325 and determine and <b>assign</b> flightpath attributes according to vector 325 . Thus, in this example, the determined flight path"
US12154232B2,B2,grant,snap_filed, 9-DoF object tracking,Snap Inc.,Snap Inc,Itamar Berger,2022-09-30,2022-09-30,2024-11-26,2024-11-26,https://patentimages.storage.googleapis.com/78/1e/c0/fefea9fb03c640/US12154232.pdf,https://patents.google.com/patent/US12154232B2/en,Aspects of the present disclosure involve a system for presenting AR items. The system receives a video that includes a depiction of a real-world object in a real-world environment. The system generates a three-dimensional (3D) bounding box for the real-world object and stabilizes the 3D bounding &hellip;
US12155618B2,B2,grant,snap_filed, Ephemeral message collection UI indicia,Snap Inc.,Snap Inc|Snapchat Inc,Nicholas Allen,2014-10-02,2020-07-20,2024-11-26,2024-11-26,https://patentimages.storage.googleapis.com/31/cf/00/8af1228d849066/US12155618.pdf,https://patents.google.com/patent/US12155618B2/en,"&hellip;  of claim 1 , wherein instructions further configure the server system to automatically <b>assign</b> to each of the messages the expiry time of its respective availability period as default period of time subsequent to posting of the respective message to the corresponding story by an associated user."
US12166736B2,B2,grant,snap_filed, Media item attachment system,Snap Inc.,Snap Inc,Newar Husam Al Majid,2017-02-20,2023-01-23,2024-12-10,2024-12-10,https://patentimages.storage.googleapis.com/1b/61/06/e0d4f56be81fb7/US12166736.pdf,https://patents.google.com/patent/US12166736B2/en,"A user at a first client device generates media content (e.g., digital video) to attach to a message to a second client device. In response to attaching the media content top the message, the media attachment system prompts the user to <b>assign</b> an address to second media content to the message. For &hellip;"
US12169975B2,B2,grant,snap_filed, Scene reconstruction in three-dimensions from two-dimensional images,Snap Inc.,Snap Inc,Riza Alp Guler,2019-06-17,2020-06-17,2024-12-17,2024-12-17,https://patentimages.storage.googleapis.com/8d/61/aa/665f8e5d75a055/US12169975.pdf,https://patents.google.com/patent/US12169975B2/en,"This specification relates to reconstructing three-dimensional (3D) scenes from two-dimensional (2D) images using a neural network. According to a first aspect of this specification, there is described a method for creating a three-dimensional reconstruction of a scene with multiple objects from a &hellip;"
US12182951B2,B2,grant,snap_filed, Augmented reality content generators including 3D data in a messaging system,Snap Inc.,Snap Inc,Kyle Goodrich,2020-04-13,2023-08-31,2024-12-31,2024-12-31,https://patentimages.storage.googleapis.com/f3/37/f0/4210c28f775383/US12182951.pdf,https://patents.google.com/patent/US12182951B2/en,The subject technology generates a segmentation mask based on first image data. The subject technology applies the segmentation mask on first depth data to reduce a set of artifacts in a depth map based on the first depth data. The subject technology generates a packed depth map based at least in &hellip;
US12197543B2,B2,grant,snap_filed, Ephemeral content management,Snap Inc.,Snap Inc,Jonathan Brody,2016-07-05,2022-05-13,2025-01-14,2025-01-14,https://patentimages.storage.googleapis.com/a8/0a/26/5276dbfc69a2c2/US12197543.pdf,https://patents.google.com/patent/US12197543B2/en,What is claimed is: 1. A method comprising: accessing a content database comprising messaging history data associated with one or more characteristics of image data; processing the one or more characteristics with the messaging history data to <b>assign</b> an ephemeral status indicator for the image &hellip;
US12206820B2,B2,grant,other_assignee, Detection of unwanted calls or caller intent based on a fusion of acoustic and &hellip;,Realnetworks Llc,Snap Inc,Branimir Dropuljic,2022-07-29,2022-07-29,2025-01-21,2025-01-21,https://patentimages.storage.googleapis.com/8a/c1/f1/cc49bbd1ea62a3/US12206820.pdf,https://patents.google.com/patent/US12206820B2/en,"a means for employing a modified classical transformer-based text architecture on the speech signal to <b>assign</b> the text categories, wherein the modified classical transformer-based text architecture includes functionalities of the automatic speech recognition and the automated multi-label textual &hellip;"
US12229035B2,B2,grant,snap_filed, Staged release of updates with anomaly monitoring,Snap Inc.,Snap Inc,Michael Cieslak,2019-04-24,2023-11-03,2025-02-18,2025-02-18,https://patentimages.storage.googleapis.com/1a/c7/a3/14bd692924cb53/US12229035.pdf,https://patents.google.com/patent/US12229035B2/en,", wherein the uninstalled feature comprises a plurality of uninstalled features, and wherein the system further comprises functions to: <b>assign</b> a rank to each of the plurality of uninstalled features, wherein the function to activate the installation of an uninstalled feature further comprises &hellip;"
US12231609B2,B2,grant,snap_filed, Effects for 3D data in a messaging system,Snap Inc.,Snap Inc,Kyle Goodrich,2019-08-28,2023-10-18,2025-02-18,2025-02-18,https://patentimages.storage.googleapis.com/eb/64/a8/ed05891d377c4c/US12231609.pdf,https://patents.google.com/patent/US12231609B2/en,"The subject technology receives, at a client device, a selection of a selectable graphical item from a plurality of selectable graphical items, the selectable graphical item comprising an augmented reality content generator including a 3D effect. The subject technology applies, to image data and &hellip;"
US12238404B2,B2,grant,snap_filed, Scaled perspective zoom on resource constrained devices,Snap Inc.,Snap Inc,Linjie LUO,2017-06-15,2022-07-29,2025-02-25,2025-02-25,https://patentimages.storage.googleapis.com/2a/37/5d/8991a84c7c4b96/US12238404.pdf,https://patents.google.com/patent/US12238404B2/en,"A dolly zoom effect can be applied to one or more images captured via a resource-constrained device (e.g., a mobile smartphone) by manipulating the size of a target feature while the background in the one or more images changes due to physical movement of the resource-constrained device. The &hellip;"
US12248506B2,B2,grant,snap_filed," Generation, curation, and presentation of media collections",Snap Inc.,Snap Inc,Nicholas Richard Allen,2016-02-26,2021-03-03,2025-03-11,2025-03-11,https://patentimages.storage.googleapis.com/f7/f3/00/28abcfa1faed6d/US12248506.pdf,https://patents.google.com/patent/US12248506B2/en,"Systems and methods are provided for receiving, at a server computer, a plurality of content messages from a plurality of content sources, each content message comprising media content and associated with a predetermined media collection, for each of the plurality of content messages received, &hellip;"
US12248632B2,B2,grant,snap_filed, Vibrational input elements,Snap Inc.,Snap Inc,Chang Xiao,2019-03-29,2021-09-09,2025-03-11,2025-03-11,https://patentimages.storage.googleapis.com/7c/be/17/95c5436f2e2431/US12248632.pdf,https://patents.google.com/patent/US12248632B2/en,Systems and methods are provided that relate to vibrational input elements configured to provide inputs to control an application executed by a mobile computing device. The vibrational input elements may produce distinct vibration patterns that are detectable by a sensor of the mobile computing &hellip;
US12265573B2,B2,grant,snap_filed, Automated local story generation and curation,Snap Inc.,Snap Inc|Snapchat Inc,Maria Pavlovskaia,2015-05-05,2022-09-16,2025-04-01,2025-04-01,https://patentimages.storage.googleapis.com/18/47/f1/dc22926ec1f8d6/US12265573.pdf,https://patents.google.com/patent/US12265573B2/en,"&hellip;  to users that are very close to this location. Rather than making the story available to all users within a larger geographic area, the system may automatically <b>assign</b> an area to the story, and may make the story available only to users in the area that was generated and assigned for that story."
US12265692B2,B2,grant,snap_filed, Content discovery refresh,Snap Inc.,Snap Inc,Michael Brian Murray,2017-11-28,2022-10-03,2025-04-01,2025-04-01,https://patentimages.storage.googleapis.com/b5/39/70/efd8a7484282e0/US12265692.pdf,https://patents.google.com/patent/US12265692B2/en,"&hellip;  to users that are very close to this location. Rather than making the story available to all users within a larger geographic area, the system may automatically <b>assign</b> an area to the story, and may make the story available only to users in the area that was generated and assigned for that story."
US12266063B2,B2,grant,snap_filed, Orientation of augmented content in interaction systems,Snap Inc.,Snap Inc,Luke Cartwright,2023-03-21,2023-03-21,2025-04-01,2025-04-01,https://patentimages.storage.googleapis.com/d8/40/fe/891e0d8ce38c6c/US12266063.pdf,https://patents.google.com/patent/US12266063B2/en,"determine a reference angle between the imaginary reference plane and the second viewing direction and, based on the reference angle, <b>assign</b> one of, or a combination of, a billboard display mode and a headlock display mode to the augmented content presented in the display of the head-wearable &hellip;"
US12271517B1,B1,grant,snap_filed, Bending-assisted calibration for extended reality tracking,Snap Inc.,Snap Inc,Thomas Faeulhammer,2023-09-29,2023-09-29,2025-04-08,2025-04-08,https://patentimages.storage.googleapis.com/58/06/45/9a7ecafc59b3f7/US12271517B1.pdf,https://patents.google.com/patent/US12271517B1/en,"Bending data is used to facilitate tracking operations of an extended reality (XR) device, such as hand tracking or other object tracking operations. The XR device obtains bending data indicative of bending of the XR device to accommodate a body part of a user wearing the XR device. The XR device &hellip;"
US12271982B2,B2,grant,snap_filed, Generating modified user content that includes additional text content,Snap Inc.,Snap Inc,Nathan Kenneth Boyd,2021-03-31,2022-03-30,2025-04-08,2025-04-08,https://patentimages.storage.googleapis.com/94/00/33/bdeca212d30026/US12271982B2.pdf,https://patents.google.com/patent/US12271982B2/en,"In one or more implementations, user content items generated using a client application may be shared with users that are not contacts of the user within the client application. A user interface that indicates a number of recipients of the user content item may be generated that also includes a &hellip;"
US12289283B2,B2,grant,snap_filed, Automated image processing and insight presentation,Snap Inc.,Snap Inc,Harsh Agrawal,2019-01-31,2023-01-04,2025-04-29,2025-04-29,https://patentimages.storage.googleapis.com/5b/20/eb/13a73819b7a1e9/US12289283B2.pdf,https://patents.google.com/patent/US12289283B2/en,"Systems, methods, devices, computer readable instruction media, and other embodiments are described for automated image processing and insight presentation. One embodiment involves receiving a plurality of ephemeral content messages from a plurality of client devices, and processing the messages &hellip;"
US12299793B2,B2,grant,snap_filed, Automated dance animation,Snap Inc.,Snap Inc,Gurunandan Krishnan Gorumkonda,2019-09-30,2023-04-25,2025-05-13,2025-05-13,https://patentimages.storage.googleapis.com/a4/b9/bc/aec4b264bab911/US12299793B2.pdf,https://patents.google.com/patent/US12299793B2/en,"The control points can have possible motions assigned to describe all possible movements of all parts of the model. A designer can then <b>assign</b> a probability to each motion, so that during a displayed animation, the likelihood of certain motions occurring are set probabilistically by the designer."
US12300224B2,B2,grant,snap_filed, Messaging system with trend analysis of content,Snap Inc.,Snap Inc,Leonardo Ribas Machado das Neves,2020-04-24,2024-03-12,2025-05-13,2025-05-13,https://patentimages.storage.googleapis.com/2d/85/cd/4b28c04fcb9b29/US12300224B2.pdf,https://patents.google.com/patent/US12300224B2/en,A messaging system performs trend analysis on content produced by users of the messaging system. The messaging system is configured to extract modifications from content items received from client devices associated with users where the content items are modified using the modifications that &hellip;
US12301650B2,B2,grant,snap_filed, Content collection navigation and autoforwarding,Snap Inc.,Snap Inc,Jacob Andreou,2016-03-29,2023-04-25,2025-05-13,2025-05-13,https://patentimages.storage.googleapis.com/90/68/bd/cfd48aa1dd4df2/US12301650B2.pdf,https://patents.google.com/patent/US12301650B2/en,"Systems and methods for communicating and displaying collections of image and video clip content are described. In one example embodiment, a device receives interface information about a group of content collections from a server computer system. When a user inputs a selection of a first content &hellip;"
US12307482B2,B2,grant,snap_filed, Advertising futures marketplace methods and systems,Snap Inc.,Snap Inc,David SOLOFF,2007-11-02,2023-06-09,2025-05-20,2025-05-20,https://patentimages.storage.googleapis.com/35/be/0f/08cdfbde565adc/US12307482B2.pdf,https://patents.google.com/patent/US12307482B2/en,"Methods and systems provide information products relating to past, present and future advertising transactions (i.e., contracts to place advertisements in various media) to enable a marketplace in advertising products. Information regarding a plurality of advertising transactions are gathered."
US12327277B2,B2,grant,snap_filed, Home based augmented reality shopping,Snap Inc.,Snap Inc,Avihay Assouline,2021-04-12,2021-04-12,2025-06-10,2025-06-10,https://patentimages.storage.googleapis.com/06/10/b8/d8361b45c7937d/US12327277B2.pdf,https://patents.google.com/patent/US12327277B2/en,Aspects of the present disclosure involve a system comprising a computer-readable storage medium storing a program and a method for performing operations comprising: receiving a video that includes a depiction of one or more objects in a room within a home; determining a room classification for &hellip;
US12342241B2,B2,grant,snap_filed, Visitation tracking system,Snap Inc.,Snap Inc,Xueyin Chen,2018-04-18,2024-06-04,2025-06-24,2025-06-24,https://patentimages.storage.googleapis.com/ae/d7/0e/3a2f03cedba774/US12342241B2.pdf,https://patents.google.com/patent/US12342241B2/en,"&hellip;  as the user is riding along a path to a destination, the visitation tracking system retrieves location data that identifies a location of the client device at any given time along the drive. As discussed above, the visitation tracking system may additionally <b>assign</b> time-stamps to the location data."
US12346500B1,B1,grant,snap_filed, EMG speech signal detection,Snap Inc.,Snap Inc,Mark Kliger,2023-04-17,2023-04-17,2025-07-01,2025-07-01,https://patentimages.storage.googleapis.com/20/87/98/f58abbcbbf83b5/US12346500B1.pdf,https://patents.google.com/patent/US12346500B1/en,"Methods and systems are disclosed for training a machine learning (ML) model to detect inner speech. The system collects, by an electromyograph (EMG) communication device used by a user, a first set of EMG signals over a first time interval. The system generates a first plurality of features based &hellip;"
US12348575B2,B2,grant,snap_filed, Dynamically assigning participant video feeds within virtual conferencing &hellip;,Snap Inc.,Snap Inc,Emily Cho,2022-09-20,2024-04-03,2025-07-01,2025-07-01,https://patentimages.storage.googleapis.com/e5/30/f6/e9771188f67785/US12348575B2.pdf,https://patents.google.com/patent/US12348575B2/en,"By virtue of allowing a user to customize sets of rooms with respective numbers of participant video elements (e.g., seating capacities), and to dynamically <b>assign</b> participant video feeds to participant video elements during virtual conferencing, it is possible for the user to create different &hellip;"
US12350048B2,B2,grant,other_assignee, Management of psychiatric or mental conditions using digital reality with &hellip;,"BehaVR, LLC",Snap Inc,Roward Agulto,2022-10-13,2023-10-13,2025-07-08,2025-07-08,https://patentimages.storage.googleapis.com/7b/99/6b/b33659b0a07b6a/US12350048B2.pdf,https://patents.google.com/patent/US12350048B2/en,"Systems, methods, and devices for implementing cognitive behavioral therapy to help a subject to manage a psychiatric or mental condition of the subject are provided. Interactive digital reality (DR) activities are provided through an interactive DR scene, each configured for a subject to practice &hellip;"
US12353398B2,B2,grant,snap_filed, Automatically estimating place data accuracy,Snap Inc.,Snap Inc,Christopher Shughrue,2022-02-09,2023-11-15,2025-07-08,2025-07-08,https://patentimages.storage.googleapis.com/6c/e8/2c/f43f5c9007db98/US12353398B2.pdf,https://patents.google.com/patent/US12353398B2/en,"Once various attributes or a set of attributes associated with certain weights are determined to have a level of accuracy that is greater than a threshold, the system can <b>assign</b> a high level of confidence to the geographical area and can present an indicator of the high level of confidence in the &hellip;"
US12380611B2,B2,grant,snap_filed, Image generation using surface-based neural synthesis,Snap Inc.,Snap Inc,Iason Kokkinos,2019-11-15,2022-07-15,2025-08-05,2025-08-05,,https://patents.google.com/patent/US12380611B2/en,"Aspects of the present disclosure involve a system and a method for performing operations comprising: receiving a two-dimensional continuous surface representation of a three-dimensional object, the continuous surface comprising a plurality of landmark locations; determining a first set of soft &hellip;"
US12387436B2,B2,grant,snap_filed, Virtual surface modification,Snap Inc.,Snap Inc,Kyle Goodrich,2018-12-20,2022-10-10,2025-08-12,2025-08-12,,https://patents.google.com/patent/US12387436B2/en,Aspects of the present disclosure involve a system comprising a computer-readable storage medium storing at least one program and a method for rendering virtual modifications to real-world environments depicted in image content. A reference surface is detected in a three-dimensional (3D) space &hellip;
US12399726B2,B2,grant,snap_filed, Interface to configure media content,Snap Inc.,Snap Inc,Ashley Michelle Wayne,2018-11-30,2023-07-28,2025-08-26,2025-08-26,,https://patents.google.com/patent/US12399726B2/en,"Embodiments of the present disclosure relate to systems for performing operations that include: receiving a first media object, such as a digital representation of a logo (e.g., JPEG, TIFF, PNG, BMP, etc.), wherein the first media object comprises at least color data that defines a set of colors &hellip;"
US12400389B2,B2,grant,snap_filed, Animated expressive icon,Snap Inc.,Snap Inc,Newar Husam Al Majid,2018-02-28,2023-12-15,2025-08-26,2025-08-26,,https://patents.google.com/patent/US12400389B2/en,"&hellip;  the expressive icon system 124 to capture facial tracking data, <b>assign</b> the facial tracking data to a graphical icon (e.g., a bitmoji, an animated expressive icon), and present the graphical icon based on the facial tracking data, according to some example embodiments. The expressive icon system 124"
US12401772B2,B2,grant,snap_filed, Headware with computer and optical element for use therewith and systems &hellip;,Snap Inc.,Snap Inc,Erick Miller,2011-05-11,2023-08-30,2025-08-26,2025-08-26,,https://patents.google.com/patent/US12401772B2/en,"An apparatus for mounting on a head including a frame, A face-wearable near-ocular optics and a micro-display for displaying data in front of the eyes is provided. A computing device is coupled to the micro-display. At least one sensor is coupled to the computing device for receiving biometric &hellip;"
US12412205B2,B2,grant,snap_filed," Method, system, and medium for augmented reality product recommendations",Snap Inc.,Snap Inc,Avihay Assouline,2021-12-30,2021-12-30,2025-09-09,2025-09-09,,https://patents.google.com/patent/US12412205B2/en,Aspects of the present disclosure involve a system comprising a computer-readable storage medium storing a program and a method for performing operations comprising: receiving a video that includes a depiction of a real-world object in a real-world environment; determining a classification for the &hellip;
US12423209B1,B1,grant,snap_filed, Optimized ML model loading using predicted usage and device state,Snap Inc.,Snap Inc,Lucas Rangit Magasweran,2021-12-31,2022-12-07,2025-09-23,2025-09-23,,https://patents.google.com/patent/US12423209B1/en,"Techniques for Machine Learning (ML) model management are provided for a resource-constrained device such as an electronic eyewear device (e.g., SPECTACLES® available from <b>Snap, Inc</b>. of Santa Monica, CA) that may have a limited amount of operating memory and only intermittent access to WI-FI®. This &hellip;"
US12437010B2,B2,grant,snap_filed, Automatic techniques for constructing an evolving interest taxonomy from user- &hellip;,Snap Inc.,Snap Inc,Jason Brewer,2024-02-08,2024-02-08,2025-10-07,2025-10-07,,https://patents.google.com/patent/US12437010B2/en,"&hellip;  example in the training dataset consisting of a visual content (e.g., an image or video) paired with text from an interest category from the interest graph. The model learns to predict if the content-text pair exhibits a semantic match, without needing to <b>assign</b> the content to a single class. Once &hellip;"
US12449891B2,B2,grant,snap_filed, Timelapse re-experiencing system,Snap Inc.,Snap Inc,Rajan Vaish,2022-08-31,2022-08-31,2025-10-21,2025-10-21,,https://patents.google.com/patent/US12449891B2/en,"A system captures via one or more sensors of a computing device, data of an environment observed by the one or more sensors at a first timeslot, and stores the data in a data store as a first portion of a timelapse memory experience. The system also captures, via the one or more sensors of a &hellip;"
US12462492B2,B2,grant,snap_filed, Beautification techniques for 3D data in a messaging system,Snap Inc.,Snap Inc,Kyle Goodrich,2019-08-28,2023-08-31,2025-11-04,2025-11-04,,https://patents.google.com/patent/US12462492B2/en,"The subject technology applies, to image data and depth data, a 3D effect including at least one beautification operation based on an augmented reality content generator, the 3D effect including a beautification operation, the beautification operation comprising modifying image data, the image &hellip;"
US12474968B2,B2,grant,snap_filed, Core targeting in heterogeneous multiprocessor systems,Snap Inc.,Snap Inc,Michael Cieslak,2019-05-30,2023-10-23,2025-11-18,2025-11-18,,https://patents.google.com/patent/US12474968B2/en,", wherein the heterogeneous multiprocessor system is further configured to <b>assign</b> the processor core type based on the match with the predetermined values by assigning a first determined processor core type to the first processor core and a second determined processor core type to the second &hellip;"
US12476928B2,B2,grant,snap_filed, Quotable stories and stickers for messaging applications,Snap Inc.,Snap Inc,Christie Marie Heikkinen,2022-12-30,2023-12-21,2025-11-18,2025-11-18,,https://patents.google.com/patent/US12476928B2/en,"A system includes one or more hardware processors and at least one memory storing instructions that cause the one or more hardware processors to perform operations including receiving, via a client device, one or more response messages to a question sticker or to a story, and selecting, via the &hellip;"
US12482023B2,B2,grant,snap_filed, Media collection navigation with opt-out interstitial,Snap Inc.,Snap Inc,Nathan Kenneth Boyd,2017-11-28,2023-11-03,2025-11-25,2025-11-25,,https://patents.google.com/patent/US12482023B2/en,"Embodiments for communicating and displaying collections of image and video clip content with an opt-out interstitial are described. In one example embodiment, a device receives interface information about a group of content collections from a server computer system. When a user inputs a selection &hellip;"
US12482080B2,B2,grant,snap_filed, Location mapping for large scale augmented-reality,Snap Inc.,Snap Inc,Richard McCormack,2020-03-27,2024-01-17,2025-11-25,2025-11-25,,https://patents.google.com/patent/US12482080B2/en,"&hellip;  location data of the data object. For example, the point cloud module 306 may <b>assign</b> the point cloud to a geo-fence that encompasses a location. In some embodiments, assigning the point cloud to a location may include aligning the point cloud with a location based on landmarks within the location. &hellip;"
US12487736B2,B2,grant,snap_filed, Collaborative interface element within a virtual conferencing system,Snap Inc.,Snap Inc,Andrew Cheng-min Lin,2022-08-31,2022-08-31,2025-12-02,2025-12-02,,https://patents.google.com/patent/US12487736B2/en,"Aspects of the present disclosure involve a system comprising a computer-readable storage medium storing a program and method for providing a collaborative interface element within a virtual conferencing system. The program and method provide, in association with designing a room, a first &hellip;"
US12488525B2,B2,grant,snap_filed, Management of pseudorandom animation system,Snap Inc.,Snap Inc,Gurunandan Krishnan Gorumkonda,2019-09-30,2023-09-21,2025-12-02,2025-12-02,,https://patents.google.com/patent/US12488525B2/en,"wherein the harmonic of the tempo value is selected from 1, 2, 4, 0.5, 0.25, and 0.125 of the tempo value. 4 . The method of claim 1 , wherein each projection for each motion state is selectable to <b>assign</b> the probability value for the motion state. 5 . The method of claim 1 , wherein the probability &hellip;"
US12489652B2,B2,grant,snap_filed, Presenting captured screen content within a virtual conferencing system,Snap Inc,Snap Inc,Andrew Cheng-min Lin,2022-08-31,2022-08-31,2025-12-02,2025-12-02,,https://patents.google.com/patent/US12489652B2/en,"Aspects of the present disclosure involve a system comprising a computer-readable storage medium storing a program and method for presenting captured screen content within a virtual conferencing system. The program and method provide, in association with designing a room for virtual conferencing, &hellip;"
US12499626B2,B2,grant,snap_filed, AR item placement in a video,Snap Inc.,Snap Inc,Avihay Assouline,2021-12-30,2021-12-30,2025-12-16,2025-12-16,,https://patents.google.com/patent/US12499626B2/en,Aspects of the present disclosure involve a system for presenting AR items. The system performs operations including receiving a video that includes a depiction of one or more real-world objects in a real-world environment and obtaining depth information related to the real-world environment; and &hellip;
US12525240B1,B1,grant,snap_filed, User calibration of EMG speech signal detection,Snap Inc.,Snap Inc,Mark Kliger,2023-04-17,2023-04-17,2026-01-13,2026-01-13,,https://patents.google.com/patent/US12525240B1/en,"Methods and systems are disclosed for training a user-specific machine learning (ML) model to detect inner speech. The system accesses the ML model trained to detect inner speech based on a general population dataset. The system collects, by an electromyograph (EMG) communication device, a set of &hellip;"
US12531782B2,B2,grant,snap_filed, Device configuration parameter determination,Snap Inc.,Snap Inc,Michael Cieslak,2019-05-21,2024-06-13,2026-01-20,2026-01-20,,https://patents.google.com/patent/US12531782B2/en,"&hellip;  features of the application running on the plurality of client devices and each feature having a feature level selected from a plurality of feature levels, to compare signatures of client devices having an unknown device type to signatures of client devices having a known device type, to <b>assign</b> &hellip;"
US12567251B2,B2,grant,snap_filed, Shared augmented reality system,Snap Inc.,Snap Inc,David Li,2020-03-27,2023-05-31,2026-03-03,2026-03-03,,https://patents.google.com/patent/US12567251B2/en,"In some embodiments, the shared AR system may <b>assign</b> a user of the client device to a “team” responsive to detecting the client device associated with the user at a location. Detection of the client device at a location may be based on a geo-fence that encompasses the location, location data &hellip;"
US12580783B2,B2,grant,snap_filed, Configuring 360-degree video within a virtual conferencing system,Snap Inc.,Snap Inc,Andrew Cheng-min Lin,2021-09-30,2024-03-29,2026-03-17,2026-03-17,,https://patents.google.com/patent/US12580783B2/en,"Aspects of the present disclosure involve a system comprising a computer-readable storage medium storing a program and method for configuring 360-degree video within a virtual conferencing system. The program and method provide, in association with designing a room for virtual conferencing, a &hellip;"
US12585865B2,B2,grant,snap_filed, Annotating a collection of media content items,Snap Inc.,Snap Inc,Newar Husam Al Majid,2018-03-30,2024-05-29,2026-03-24,2026-03-24,,https://patents.google.com/patent/US12585865B2/en,"Various embodiments provide for systems, methods, and computer-readable storage media for annotating a collection of media items, such as digital images. According to some embodiments, an annotation system automatically determines one or more annotations for a plurality of media content items, and &hellip;"
US20010043177A1,A1,application,other_assignee, System and method for color and grayscale drive methods for graphical displays &hellip;,Huston James R.,Snap Inc,James Huston,2000-04-14,2000-12-14,2001-11-22,,https://patentimages.storage.googleapis.com/3f/ee/a5/aeec84fee95183/US20010043177A1.pdf,https://patents.google.com/patent/US20010043177A1/en,"A system and method are provided for driving a display. A voltage value is stored in an analog memory associated with each pixel of a display, where each of the pixels has a comparator associated with it. A reference voltage and the voltage values stored in the analog memory are applied to the &hellip;"
US20020000967A1,A1,application,other_assignee, System and method for digitally controlled waveform drive methods for graphical &hellip;,Huston James R.,Snap Inc,James Huston,2000-04-14,2000-11-29,2002-01-03,,https://patentimages.storage.googleapis.com/7f/1e/fe/12d76220c59037/US20020000967A1.pdf,https://patents.google.com/patent/US20020000967A1/en,An image generation system is provided. A display matrix is provided and has a plurality of display elements which can include liquid crystal. Each display element includes a pixel. A plurality of display circuits are electrically connected to a display element. A plurality of memory cells are &hellip;
US20020041264A1,A1,application,other_assignee, Display system having multiple memory elements per pixel with improved layout &hellip;,Quanrud William A.,Snap Inc,William Quanrud,1998-05-15,2001-11-15,2002-04-11,,https://patentimages.storage.googleapis.com/d9/0e/67/b310b499f1aca2/US20020041264A1.pdf,https://patents.google.com/patent/US20020041264A1/en,"A display matrix is provided comprising a plurality of display elements. each display element including a pixel, and a display circuit electrically connected to the pixel and at least partially positioned outside of a footprint of the pixel, the display circuit including a plurality of memory &hellip;"
US20020101396A1,A1,application,other_assignee, Balanced binary color drive method for graphical displays and system &hellip;,Huston James R.,Snap Inc,James Huston,2000-04-14,2000-11-29,2002-08-01,,https://patentimages.storage.googleapis.com/b4/80/48/56c95c095b6dba/US20020101396A1.pdf,https://patents.google.com/patent/US20020101396A1/en,An image generation system is provided. A display matrix is provided and has a plurality of display elements which can include liquid crystal. Each display element includes a pixel. A plurality of display circuits are electrically connected to a display element. A plurality of memory cells are &hellip;
US20090037831A1,A1,application,other_assignee, Indicating the default value for a property to enhance user feedback,International Business Machines Corporation,Snap Inc|Snapchat Inc,Casey A. Best,2007-08-03,2007-08-03,2009-02-05,,https://patentimages.storage.googleapis.com/85/2f/d8/3b867a62905ab1/US20090037831A1.pdf,https://patents.google.com/patent/US20090037831A1/en,"CROSS-REFERENCE TO RELATED APPLICATIONS This application contains subject matter which is related to the subject matter of the following co-pending application, which is assigned to the same <b>assignee</b>, International Business Machines Corporation of Armonk, N.Y., as this application. The below &hellip;"
US20100268781A1,A1,application,other_assignee, Preserving a messaging service in a highly available environment,International Business Machines Corporation,Snapchat Inc,Andrew J. Schofield,2009-04-21,2009-11-30,2010-10-21,,https://patentimages.storage.googleapis.com/5e/18/db/22abe55908da19/US20100268781A1.pdf,https://patents.google.com/patent/US20100268781A1/en,&hellip;  prior to the client being disconnected; create the temporary location in response to the initial request; generate the identifier; <b>assign</b> the identifier to the temporary location; associate the client as owner of the temporary location; and communicate the identifier to the messaging software.
US20100299393A1,A1,application,other_assignee, Method and system for detecting and handling message collisions in an instant &hellip;,International Business Machines Corporation,Snap Inc,Patrick Joseph O'Sullivan,2009-05-20,2009-05-20,2010-11-25,,https://patentimages.storage.googleapis.com/a7/ed/82/f55cf55becc8e3/US20100299393A1.pdf,https://patents.google.com/patent/US20100299393A1/en,"In an alternative embodiment, the disclosed system provides each participant in the online negotiation with a number of user interface mechanisms through which they can <b>assign</b> a relative priority to their message. The disclosed system then determines a next message to be delivered based on the &hellip;"
US20120143960A1,A1,application,other_assignee, Related message detection and indication,International Business Machines Corporation,Snapchat Inc,Ann M. Corrao,2010-12-03,2010-12-03,2012-06-07,,https://patentimages.storage.googleapis.com/27/28/bb/a0d82795143b7b/US20120143960A1.pdf,https://patents.google.com/patent/US20120143960A1/en,"A method, a computer program product, and a computer system for managing requests to send messages are presented. Header information associated with a set of incoming messages on a server data processing system is retrieved in response to receiving a request to send a drafted message from a client &hellip;"
US20120143964A1,A1,application,other_assignee, Systems and methods for processing electronic communications,International Business Machines Corporation,Snap Inc|Snapchat Inc,Lisa Seacat Deluca,2010-12-07,2010-12-07,2012-06-07,,https://patentimages.storage.googleapis.com/d6/bc/51/893ccb6e241e36/US20120143964A1.pdf,https://patents.google.com/patent/US20120143964A1/en,"can <b>assign</b> a first weight value to the relationship. Where another relationship is determined between the second recipient and another recipient of the same email message to have two or more degrees of separation, the relationship manager 14 can <b>assign</b> a second weight value to this relationship &hellip;"
US20130238737A1,A1,application,other_assignee, Providing a collaborative status message in an instant messaging system,International Business Machines Corporation,Snap Inc|Snapchat Inc,Howard R. Davidson,2012-03-07,2013-04-30,2013-09-12,,https://patentimages.storage.googleapis.com/0d/ca/42/dbe43c008d5d95/US20130238737A1.pdf,https://patents.google.com/patent/US20130238737A1/en,"CROSS-REFERENCE TO RELATED APPLICATIONS The present application is a continuation application of pending U.S. patent application Ser. No. 13/413,756, which was filed on Mar. 7, 2012, which is assigned to the <b>assignee</b> of the present invention. The present application claims priority benefits to U.S &hellip;"
US20140300595A1,A1,application,other_assignee, Collision-culling of Lines over Polygons,Reuven Bakalash,Snap Inc,Reuven Bakalash,2013-02-05,2014-06-22,2014-10-09,,https://patentimages.storage.googleapis.com/dd/3d/25/f011258fb12248/US20140300595A1.pdf,https://patents.google.com/patent/US20140300595A1/en,"Collision-culling for early elimination of non-colliding ray segments over a group of polygons in a computer graphics system. The scene is subdivided into cells, at each cell three orthographically viewed buffers of the local scene are created, each buffer is aligned with one of the three main &hellip;"
US20140375643A1,A1,application,other_assignee, System for primary ray shooting having geometrical stencils,Reuven Bakalash,Snap Inc,Reuven Bakalash,2012-12-26,2014-09-07,2014-12-25,,https://patentimages.storage.googleapis.com/b1/43/97/3f94e622b9e701/US20140375643A1.pdf,https://patents.google.com/patent/US20140375643A1/en,"Aspects comprise ray shooting system based on the data structure of a uniform grid of cells, and on local stencils in cells. The high traversal and construction costs of accelerating structures are cut down. The object&#39;s visibility from the viewpoint and from light sources, as well as the primary &hellip;"
US20140375644A1,A1,application,other_assignee, Method of stencil mapped shadowing,Reuven Bakalash,Snap Inc,Reuven Bakalash,2012-12-26,2014-09-07,2014-12-25,,https://patentimages.storage.googleapis.com/20/c1/57/d4463e1b0f0869/US20140375644A1.pdf,https://patents.google.com/patent/US20140375644A1/en,"Aspects comprise shadowing method as part of ray tracing. It is based on uniform grid of cells, and on local stencils in cells. The acceleration structures are abandoned along with high traversal and construction costs of these structures. The amount of intersection tests is cut down. The stencils &hellip;"
US20140375645A1,A1,application,other_assignee, Stencil mapped shadowing system,Reuven Bakalash,Snap Inc,Reuven Bakalash,2012-12-26,2014-09-07,2014-12-25,,https://patentimages.storage.googleapis.com/e5/d3/88/fc5717245a64f3/US20140375645A1.pdf,https://patents.google.com/patent/US20140375645A1/en,"Aspects comprise shadowing system as part of ray tracing. It is based on uniform grid of cells, and on local stencils in cells. The acceleration structures are abandoned along with high traversal and construction costs of these structures. The amount of intersection tests is cut down. The stencils &hellip;"
US20150032775A1,A1,application,other_assignee, Segment data visibility and management in a distributed database of time &hellip;,Metamarkets Group Inc.,Snap Inc,Fangjin Yang,2013-07-26,2014-07-28,2015-01-29,,https://patentimages.storage.googleapis.com/48/f4/1c/c1f80ad6f29272/US20150032775A1.pdf,https://patents.google.com/patent/US20150032775A1/en,"&hellip;  of claim 13 , wherein each merger segment comprises data in the form of at least one of a dimension and a metric, further comprising instructions to: combine merger segment data for each overlapping dimension and metric; and <b>assign</b> a null value for each dimension and metric that does not overlap."
US20150095144A1,A1,application,other_assignee, Advertising Futures Marketplace Methods And Systems,Metamarkets Group Inc.,Snap Inc,David L. Soloff,2007-11-02,2014-12-05,2015-04-02,,https://patentimages.storage.googleapis.com/e4/7b/c6/8c8140c9528ceb/US20150095144A1.pdf,https://patents.google.com/patent/US20150095144A1/en,"Methods and systems provide information products relating to past, present and future advertising transactions (i.e., contracts to place advertisements in various media) to enable a marketplace in advertising products. Information regarding a plurality of advertising transactions are gathered."
US20150356101A1,A1,application,other_assignee, Automatic article enrichment by social media trends,Mobli Technologies 2010 Ltd.,Snap Inc,Eran Cohen,2014-06-05,2015-06-04,2015-12-10,,https://patentimages.storage.googleapis.com/53/eb/4d/85e2fce9aba1e8/US20150356101A1.pdf,https://patents.google.com/patent/US20150356101A1/en,"There is provided a method for creating a presentation based on grouping of social media content, comprising: receiving a trend represented by at least one term; sending first requests to social network servers, each request including the at least one term; aggregating first user uploaded media &hellip;"
US20150356102A1,A1,application,other_assignee, Automatic article enrichment by social media trends,Mobli Technologies 2010 Ltd.,Snap Inc,Eran Cohen,2014-06-05,2015-07-22,2015-12-10,,https://patentimages.storage.googleapis.com/dc/bd/cf/fb991e689648b0/US20150356102A1.pdf,https://patents.google.com/patent/US20150356102A1/en,"There is provided a method for creating a presentation based on grouping of social media content, comprising: receiving a trend represented by at least one term; sending first requests to social network servers, each request including the at least one term; aggregating first user uploaded media &hellip;"
US20160078485A1,A1,application,other_assignee, Determining targeting information based on a predictive targeting model,"Placed, Inc.",Snap Inc,David Shim,2014-09-16,2014-09-16,2016-03-17,,https://patentimages.storage.googleapis.com/b2/b9/7d/e97279f0094b19/US20160078485A1.pdf,https://patents.google.com/patent/US20160078485A1/en,"A targeting system based on a predictive targeting model based on observed behavioral data including visit data, user profile and/or survey data, and geographic features associated with a geographic region. The predictive targeting model analyzes the observed behavioral data and the geographic &hellip;"
US20160125629A1,A1,application,other_assignee, Divided Electronic Image Transmission System and Method,"Vaporstream, Inc.",Snapchat Inc,Amit Jindas Shah,2014-11-04,2014-11-04,2016-05-05,,https://patentimages.storage.googleapis.com/03/26/a3/9e28cfbac29ac4/US20160125629A1.pdf,https://patents.google.com/patent/US20160125629A1/en,"&hellip;  one computing device to another computing device. <b>Snapchat, Inc</b>., for example, provides an app (SNAPCHAT) that allows a sending user to set a fixed amount of time that a recipient of an image or video has to view the image or video before the image or video is no longer viewable by the recipient. A &hellip;"
US20160125849A1,A1,application,other_assignee, Electronic Image Separated Viewing and Screen Capture Prevention System and &hellip;,"Vaporstream, Inc.",Snapchat Inc,Amit Jindas Shah,2014-11-04,2014-11-04,2016-05-05,,https://patentimages.storage.googleapis.com/ae/51/03/af5b5466321de2/US20160125849A1.pdf,https://patents.google.com/patent/US20160125849A1/en,"&hellip;  one computing device to another computing device. <b>Snapchat, Inc</b>., for example, provides an app (SNAPCHAT) that allows a sending user to set a fixed amount of time that a recipient of an image or video has to view the image or video before the image or video is no longer viewable by the recipient. A &hellip;"
US20160125850A1,A1,application,other_assignee, Networked Divided Electronic Image Messaging System and Method,"Vaporstream, Inc.",Snapchat Inc,Amit Jindas Shah,2014-11-04,2014-11-04,2016-05-05,,https://patentimages.storage.googleapis.com/fe/ae/da/d2cb206a390d25/US20160125850A1.pdf,https://patents.google.com/patent/US20160125850A1/en,"&hellip;  one computing device to another computing device. <b>Snapchat, Inc</b>., for example, provides an app (SNAPCHAT) that allows a sending user to set a fixed amount of time that a recipient of an image or video has to view the image or video before the image or video is no longer viewable by the recipient. A &hellip;"
US20160125910A1,A1,application,other_assignee, Networked Divided Electronic Video Messaging System and Method,"Vaporstream, Inc.",Snapchat Inc,Amit Jindas Shah,2014-11-04,2014-11-04,2016-05-05,,https://patentimages.storage.googleapis.com/fa/00/14/d20841d9472a85/US20160125910A1.pdf,https://patents.google.com/patent/US20160125910A1/en,"&hellip;  one computing device to another computing device. <b>Snapchat, Inc</b>., for example, provides an app (SNAPCHAT) that allows a sending user to set a fixed amount of time that a recipient of an image or video has to view the image or video before the image or video is no longer viewable by the recipient. A &hellip;"
US20160125914A1,A1,application,other_assignee, Separated Viewing and Screen Capture Prevention System and Method for &hellip;,"Vaporstream, Inc.",Snapchat Inc,Amit Jindas Shah,2014-11-04,2014-11-04,2016-05-05,,https://patentimages.storage.googleapis.com/59/a0/4c/21c7164edfc54f/US20160125914A1.pdf,https://patents.google.com/patent/US20160125914A1/en,"&hellip;  one computing device to another computing device. <b>Snapchat, Inc</b>., for example, provides an app (SNAPCHAT) that allows a sending user to set a fixed amount of time that a recipient of an image or video has to view the image or video before the image or video is no longer viewable by the recipient. A &hellip;"
US20160125915A1,A1,application,other_assignee, Electronic Video Division and Transmission System and Method,"Vaporstream, Inc.",Snapchat Inc,Amit Jindas Shah,2014-11-04,2014-11-04,2016-05-05,,https://patentimages.storage.googleapis.com/32/41/b8/5ee456e78e3aba/US20160125915A1.pdf,https://patents.google.com/patent/US20160125915A1/en,"&hellip;  one computing device to another computing device. <b>Snapchat, Inc</b>., for example, provides an app (SNAPCHAT) that allows a sending user to set a fixed amount of time that a recipient of an image or video has to view the image or video before the image or video is no longer viewable by the recipient. A &hellip;"
US20170249306A1,A1,application,snap_filed," Methods and systems for generation, curation, and presentation of media &hellip;","Snapchat, Inc.",Snap Inc,Nicholas Richard Allen,2016-02-26,2016-02-26,2017-08-31,,https://patentimages.storage.googleapis.com/a2/ac/65/6978077e6193a9/US20170249306A1.pdf,https://patents.google.com/patent/US20170249306A1/en,"Systems and methods are provided for receiving, at a server computer, a plurality of content messages from a plurality of content sources, each content message comprising media content and associated with a predetermined media collection, for each of the plurality of content messages received, &hellip;"
US20170263030A1,A1,application,snap_filed," Methods and systems for generation, curation, and presentation of media &hellip;","Snapchat, Inc.",Snap Inc,Nicholas Richard Allen,2016-02-26,2016-02-26,2017-09-14,,https://patentimages.storage.googleapis.com/81/f9/05/d75c12e5b1362a/US20170263030A1.pdf,https://patents.google.com/patent/US20170263030A1/en,"Systems and methods are provided for receiving, at a server computer, a plurality of content messages from a plurality of content sources, each content message comprising media content, for each of the plurality of content messages received, associating the media content with a predetermined media &hellip;"
US20170264578A1,A1,application,snap_filed," Methods and systems for generation, curation, and presentation of media &hellip;","Snapchat, Inc.",Snap Inc,Nicholas Richard Allen,2016-02-26,2016-02-26,2017-09-14,,https://patentimages.storage.googleapis.com/9d/77/a6/27b7b6e84218cc/US20170264578A1.pdf,https://patents.google.com/patent/US20170264578A1/en,"Systems and methods are provided for receiving, at a first computing device, a request from a user to activate a new media collection, sending, by the first computing device, the request to a server computer for activation of the new media collection, receiving, by the first computing device, &hellip;"
US20170289234A1,A1,application,snap_filed, Content collection navigation and autoforwarding,"Snapchat, Inc.",Snap Inc|Snapchat Inc,Jacob Andreou,2016-03-29,2016-03-29,2017-10-05,,https://patentimages.storage.googleapis.com/b2/d8/e6/a69964ffa1c56a/US20170289234A1.pdf,https://patents.google.com/patent/US20170289234A1/en,"Systems and methods for communicating and displaying collections of image and video clip content are described. In one example embodiment, a device receives interface information about a group of content collections from a server computer system. When a user inputs a selection of a first content &hellip;"
US20170372364A1,A1,application,snap_filed, Methods and systems for presentation of media collections with automated &hellip;,"Snapchat, Inc.",Snap Inc,Jacob Andreou,2016-06-28,2016-06-28,2017-12-28,,https://patentimages.storage.googleapis.com/46/a9/61/55b0b1564be569/US20170372364A1.pdf,https://patents.google.com/patent/US20170372364A1/en,"Systems, devices, media, instructions, and methods are provided for presentation of media collections with automated advertising. In one embodiment, display time data associated for a first plurality of content elements and a first advertising element as displayed on a first device are used in &hellip;"
US20180005420A1,A1,application,snap_filed, Avatar based ideogram generation,"Snapchat, Inc.",Snap Inc,Artem Bondich,2016-06-30,2016-06-30,2018-01-04,,https://patentimages.storage.googleapis.com/1e/f0/df/54fd143df59047/US20180005420A1.pdf,https://patents.google.com/patent/US20180005420A1/en,"Systems, devices, media, and methods are presented for generating ideograms from a set of images received in an image stream. The systems and methods detect at least a portion of a face within the image and identify a set of facial landmarks within the portion of the face. The systems and methods &hellip;"
US20180092542A1,A1,application,other_assignee, Detecting physiological responses while taking into account consumption of &hellip;,Facense Ltd.,Snap Inc,Arie Tzvieli,2015-06-14,2017-12-06,2018-04-05,,https://patentimages.storage.googleapis.com/f9/1d/7f/b6d5da97ace719/US20180092542A1.pdf,https://patents.google.com/patent/US20180092542A1/en,"the frame in Oculus Rift™ includes the foam placed on the user&#39;s face and the straps; and the frames in Google Glass™ and Spectacles by <b>Snap Inc</b>. are similar to eyeglasses frames. Additionally or alternatively, the frame may connect to, be affixed within, and/or be integrated with, a helmet (e.g. &hellip;"
US20180094982A1,A1,application,other_assignee, Eyeglasses having inward-facing and outward-facing thermal cameras,Facense Ltd.,Snap Inc,Arie Tzvieli,2015-06-14,2017-12-06,2018-04-05,,https://patentimages.storage.googleapis.com/14/9d/96/1db02a4d48e87b/US20180094982A1.pdf,https://patents.google.com/patent/US20180094982A1/en,"the frame in Oculus Rift™ includes the foam placed on the user&#39;s face and the straps; and the frames in Google Glass™ and Spectacles by <b>Snap Inc</b>. are similar to eyeglasses frames. Additionally or alternatively, the frame may connect to, be affixed within, and/or be integrated with, a helmet (e.g. &hellip;"
US20180096198A1,A1,application,other_assignee, Eyeglasses that measure facial skin color changes,Facense Ltd.,Snap Inc,Arie Tzvieli,2015-06-14,2017-12-06,2018-04-05,,https://patentimages.storage.googleapis.com/63/92/46/3e21629b9bbc05/US20180096198A1.pdf,https://patents.google.com/patent/US20180096198A1/en,"the frame in Oculus Rift™ includes the foam placed on the user&#39;s face and the straps; and the frames in Google Glass™ and Spectacles by <b>Snap Inc</b>. are similar to eyeglasses frames. Additionally or alternatively, the frame may connect to, be affixed within, and/or be integrated with, a helmet (e.g. &hellip;"
US20180107645A1,A1,application,other_assignee, Book analysis and recommendation,"SkywriterRX, Inc.",Snap Inc,Holly Lynn Payne,2016-10-13,2017-10-12,2018-04-19,,https://patentimages.storage.googleapis.com/f5/6e/95/689c1a0a6d8be7/US20180107645A1.pdf,https://patents.google.com/patent/US20180107645A1/en,"claim 18 , wherein the ELT dictionary includes a set of assignable ELTs, wherein each of the assignable ELTs maps to a plurality of additional ELTs, and wherein the one or more computing devices are configured to <b>assign</b> the matching words to the book by: mapping a subset of the matching words in the &hellip;"
US20180107866A1,A1,application,snap_filed, Neural networks for facial modeling,Jia Li,Snap Inc,Jia Li,2016-10-19,2016-10-19,2018-04-19,,https://patentimages.storage.googleapis.com/45/63/b0/224ef3db6e562b/US20180107866A1.pdf,https://patents.google.com/patent/US20180107866A1/en,"&hellip;  within the portion of the face. The systems and methods generate a descriptor function representing the set of facial features, fit object functions of the descriptor function, identify an identification probability for each facial feature, and <b>assign</b> an identification to each facial feature."
US20180131878A1,A1,application,snap_filed, Selective identification and order of image modifiers,Snap Inc.,Snap Inc,Ebony James Charlton,2016-11-07,2017-11-07,2018-05-10,,https://patentimages.storage.googleapis.com/82/40/71/57ec28d7614aa2/US20180131878A1.pdf,https://patents.google.com/patent/US20180131878A1/en,"Systems, devices, media, and methods are presented for presentation of modified objects within a video stream. The systems and methods receive a selection at a user interface of a computing device and determine a modifier context based at least in part on the selection and a position within the &hellip;"
US20180143748A1,A1,application,snap_filed, Smart carousel of image modifiers,Snap Inc.,Snap Inc,Samir Ahmed,2016-11-22,2017-06-19,2018-05-24,,https://patentimages.storage.googleapis.com/0b/4b/a1/ef4be2fdc3cae2/US20180143748A1.pdf,https://patents.google.com/patent/US20180143748A1/en,"Embodiments of the present disclosure relate generally to techniques for automated organization and presentation of user-selectable features within user interfaces. More particularly, but not by way of limitation, the present disclosure addresses systems and methods for presenting and accessing &hellip;"
US20180198743A1,A1,application,snap_filed, Contextual generation and selection of customized media content,Snap Inc.,Snap Inc,Jacob Edward Blackstock,2017-01-09,2017-04-12,2018-07-12,,https://patentimages.storage.googleapis.com/03/5d/20/e50e51f9d6a167/US20180198743A1.pdf,https://patents.google.com/patent/US20180198743A1/en,"Among other things, embodiments of the present disclosure improve the functionality of electronic messaging software and systems by generating and selecting customized media content items (such as images) with avatars of different users within electronic messages based on the context of &hellip;"
US20180315076A1,A1,application,snap_filed, Methods and systems for server generation of interactive advertising with &hellip;,Snap Inc.,Snap Inc,Jacob Andreou,2017-04-28,2017-04-28,2018-11-01,,https://patentimages.storage.googleapis.com/9a/f5/8e/9331cde7d9aad6/US20180315076A1.pdf,https://patents.google.com/patent/US20180315076A1/en,"Systems, devices, media, instructions, and methods are provided for presentation of media collections with automated interactive advertising. In one embodiment, a server system merges advertising data with interaction elements to create an advertising element, and communicates the advertising &hellip;"
US20180336732A1,A1,application,snap_filed," Augmented reality task identification and assistance in construction, &hellip;",Michael J. Schuster,Snap Inc,Michael J. Schuster,2017-05-16,2018-05-15,2018-11-22,,https://patentimages.storage.googleapis.com/69/ce/52/27e7173a3d137b/US20180336732A1.pdf,https://patents.google.com/patent/US20180336732A1/en,"&hellip;  as well as to recognize particular eye movements to select projects 133 , change layouts, etc. Additionally, the operator may be able to point or tap on holographic user interface elements to select projects 133 , change layouts, <b>assign</b> dimensions to projects 130 , etc. The augmented reality device 50"
US20190287193A1,A1,application,snap_filed," Open house realty system, server and method",Shannon Lee Quagliata,Snap Inc,Shannon Lee Quagliata,2018-03-13,2019-03-13,2019-09-19,,https://patentimages.storage.googleapis.com/e9/b4/07/e3438e5370a292/US20190287193A1.pdf,https://patents.google.com/patent/US20190287193A1/en,"Some embodiments include a computer-implemented method of providing a computer system including a processor and access to at least one coupled source of real estate records. A storage medium includes program logic that when executed by a coupled processor, causes the computer system to access or &hellip;"
US20190287287A1,A1,application,snap_filed, Avatar based ideogram generation,Snap Inc.,Snap Inc|Snapchat Inc,Artem Bondich,2016-06-30,2019-06-06,2019-09-19,,https://patentimages.storage.googleapis.com/ae/f3/bd/ec4d05b24ffe25/US20190287287A1.pdf,https://patents.google.com/patent/US20190287287A1/en,"Systems, devices, media, and methods are presented for generating ideograms from a set of images received in an image stream. The systems and methods detect at least a portion of a face within the image and identify a set of facial landmarks within the portion of the face. The systems and methods &hellip;"
US20190313915A1,A1,application,other_assignee, Posture-adjusted calculation of physiological signals,Facense Ltd.,Snap Inc,Ori Tzvieli,2015-06-14,2019-06-26,2019-10-17,,https://patentimages.storage.googleapis.com/f4/15/76/734c8d267bc8ba/US20190313915A1.pdf,https://patents.google.com/patent/US20190313915A1/en,"the frame in Oculus Rift™ includes the foam placed on the user&#39;s face and the straps; and the frames in Google Glass™ and Spectacles by <b>Snap Inc</b>. are similar to eyeglasses frames. Additionally or alternatively, the frame may connect to, be affixed within, and/or be integrated with, a helmet (e.g. &hellip;"
US20190356847A1,A1,application,other_assignee, Creation and display of a 360 degree looping video file,"Gfycat, Inc.",Snap Inc,Richard Rabbat,2018-05-15,2019-05-15,2019-11-21,,https://patentimages.storage.googleapis.com/3d/a3/c6/c79f657d1258e0/US20190356847A1.pdf,https://patents.google.com/patent/US20190356847A1/en,"&hellip;  Patent Application 62/671,746, filed on May 15, 2018, entitled “CREATION AND DISPLAY OF A 360 DEGREE LOOPING VIDEO FILE,” by Rabbat et al., having Attorney Docket No. GFYCAT-009.PRO, and assigned to the <b>assignee</b> of the present application, which is incorporated herein by reference in its entirety."
US20190377756A1,A1,application,other_assignee, Intent-based search,"Gfycat, Inc.",Snap Inc,Richard Rabbat,2018-06-11,2019-06-11,2019-12-12,,https://patentimages.storage.googleapis.com/8c/83/d8/0ce4e5ecaaa180/US20190377756A1.pdf,https://patents.google.com/patent/US20190377756A1/en,"RELATED APPLICATIONS This application claims priority to and the benefit of co-pending U.S. Patent Provisional Patent Application 62/683,581, filed on Jun. 11, 2018, entitled “INTENT-BASED SEARCH,” by Rabbat et al., having Attorney Docket No. GFYCAT-010.PRO, and assigned to the <b>assignee</b> of the &hellip;"
US20190379618A1,A1,application,other_assignee, Presenting visual media,"Gfycat, Inc.",Snap Inc,Richard Rabbat,2018-06-11,2019-06-11,2019-12-12,,https://patentimages.storage.googleapis.com/a7/91/ea/564ff6d1019a77/US20190379618A1.pdf,https://patents.google.com/patent/US20190379618A1/en,"RELATED APPLICATIONS This application claims priority to and the benefit of co-pending U.S. Patent Provisional Patent Application 62/683,565, filed on Jun. 11, 2018, entitled “LIVING CANVAS,” by Rabbat et al., having Attorney Docket No. GFYCAT-011.PRO, and assigned to the <b>assignee</b> of the present &hellip;"
US20190392039A1,A1,application,other_assignee, Cognitively identifying favorable photograph qualities,International Business Machines Corporation,Snap Inc,Adam T. Clark,2018-06-22,2018-06-22,2019-12-26,,https://patentimages.storage.googleapis.com/e1/c7/e9/bbe7b14a37ac14/US20190392039A1.pdf,https://patents.google.com/patent/US20190392039A1/en,"110 A, 110 B may, in accordance with the preconfigured sentiment value at 206 , <b>assign</b> a negative value, or a value below the threshold value. According to one embodiment, if the cognitive photograph recommendation program 110 A, 110 B determines that the number of likes or the sentiment value exceeds &hellip;"
US20190394393A1,A1,application,other_assignee, Cognitively coaching a subject of a photograph,International Business Machines Corporation,Snap Inc,Adam T. Clark,2018-06-22,2018-06-22,2019-12-26,,https://patentimages.storage.googleapis.com/30/eb/b6/8679bef0a23e4b/US20190394393A1.pdf,https://patents.google.com/patent/US20190394393A1/en,"110 A, 110 B may, in accordance with the preconfigured sentiment value at 206 , <b>assign</b> a negative value, or a value below the threshold value. According to one embodiment, if the cognitive photograph recommendation program 110 A, 110 B determines that the number of likes or the sentiment value exceeds &hellip;"
US20200082592A1,A1,application,other_assignee, Dynamically transforming a typing indicator to reflect a user's tone,International Business Machines Corporation,Snap Inc,Kelley M. Gordon,2018-05-22,2019-11-15,2020-03-12,,https://patentimages.storage.googleapis.com/19/77/81/7a2d558ccf707c/US20200082592A1.pdf,https://patents.google.com/patent/US20200082592A1/en,"and/or its affiliates), WhatsApp® (WhatsApp and all WhatsApp-related trademarks and logos are trademarks or registered trademarks of WhatsApp, Inc. and/or its affiliates), and Snapchat® (Snapchat and all Snapchat-related trademarks and logos are trademarks or registered trademarks of <b>Snap, Inc</b>. and &hellip;"
US20200242826A1,A1,application,snap_filed, Augmented expression system,Snap Inc.,Snap Inc,Chen Cao,2018-04-18,2020-04-15,2020-07-30,,https://patentimages.storage.googleapis.com/3d/3c/15/c8c716e0d18cb5/US20200242826A1.pdf,https://patents.google.com/patent/US20200242826A1/en,"&hellip;  flattened presentation of the composite presentation, based on the image data and the 3D bitmoji. The user may <b>assign</b> or transmit the flattened presentation to one or more recipients (e.g., as a message or by adding the flattened presentation to a story associated with a user profile of the user). &hellip;"
US20200250870A1,A1,application,snap_filed," Generation, curation, and presentation of media collections",Snap Inc.,Snap Inc|Snapchat Inc,Nicholas Richard Allen,2016-02-26,2020-04-23,2020-08-06,,https://patentimages.storage.googleapis.com/e7/e3/c6/98f77bb4875866/US20200250870A1.pdf,https://patents.google.com/patent/US20200250870A1/en,"Systems and methods are provided for receiving, at a server computer, a plurality of content messages from a plurality of content sources, each content message comprising media content, for each of the plurality of content messages received, associating the media content with a predetermined media &hellip;"
US20200267190A1,A1,application,snap_filed, Method and system for integrating real time communication features in &hellip;,Snap Inc.,Snap Inc,Michael Dröse,2013-11-26,2020-05-05,2020-08-20,,https://patentimages.storage.googleapis.com/fc/88/f4/3db520a85780a2/US20200267190A1.pdf,https://patents.google.com/patent/US20200267190A1/en,A computer has a processor and a memory connected to the processor. The memory stores instructions executed by the processor to receive a real time communication request from a client device and perform an evaluation of the number of client devices associated with the real time communication &hellip;
US20200312008A1,A1,application,snap_filed, Semantic texture mapping system,Piers Cowburn,Snap Inc,Piers Cowburn,2019-04-01,2019-04-01,2020-10-01,,https://patentimages.storage.googleapis.com/3f/ee/24/1bb0e36d934666/US20200312008A1.pdf,https://patents.google.com/patent/US20200312008A1/en,"claim 1 , wherein the set of texels include at least a first texel that comprises a semantic label from among the set of semantic labels, and the method further comprises: receiving a request to <b>assign</b> a material parameter to a class that corresponds with the semantic label from the image; and &hellip;"
US20200334283A1,A1,application,snap_filed, Scaled delivery of media content,Snap Inc.,Snap Inc,Matthew Lee Cook,2017-09-06,2020-07-06,2020-10-22,,https://patentimages.storage.googleapis.com/4a/37/08/f5a7615e408a6e/US20200334283A1.pdf,https://patents.google.com/patent/US20200334283A1/en,"Systems, devices, media, and methods are presented for scaled delivery of media content. The systems and methods <b>assign</b> a set of proposed designations to a plurality of media content. The systems and methods select a set of media content from the plurality of media content based on the set of &hellip;"
US20200364262A1,A1,application,other_assignee, Deduplication of media file search results,"Gfycat, Inc.",Snap Inc,Jeffrey Harris,2019-05-13,2020-05-12,2020-11-19,,https://patentimages.storage.googleapis.com/d7/3e/e4/4dbcfec0539663/US20200364262A1.pdf,https://patents.google.com/patent/US20200364262A1/en,"RELATED APPLICATIONS This application claims priority to and the benefit of co-pending U.S. Patent Provisional Patent Application 62/847,204, filed on May 13, 2019, entitled “DEDUPLICATION OF MEDIA FILES,” by Harris et al., having Attorney Docket No. GFYCAT-014.PRO, and assigned to the <b>assignee</b> of &hellip;"
US20200401813A1,A1,application,other_assignee, Adaptive content classification of a video content item,"Gfycat, Inc.",Snap Inc,Richard Rabbat,2019-06-21,2020-06-18,2020-12-24,,https://patentimages.storage.googleapis.com/b4/f7/1c/ceadf7e66ec3c8/US20200401813A1.pdf,https://patents.google.com/patent/US20200401813A1/en,"&hellip;  Patent Application 62/865,037, filed on Jun. 21, 2019, entitled “ADAPTIVE CONTENT CLASSIFICATION OF A VIDEO CONTENT ITEM,” by Rabbat et al., having Attorney Docket No. GFYCAT-015.PRO, and assigned to the <b>assignee</b> of the present application, which is incorporated herein by reference in its entirety. &hellip;"
US20210065448A1,A1,application,snap_filed, Providing 3d data for messages in a messaging system,Snap Inc.,Snap Inc,Kyle Goodrich,2019-08-28,2020-08-28,2021-03-04,,https://patentimages.storage.googleapis.com/b4/83/be/4cf52fee4b4134/US20210065448A1.pdf,https://patents.google.com/patent/US20210065448A1/en,"The subject technology receives, at a client device, a selection of a selectable graphical item from a plurality of selectable graphical items, the selectable graphical item comprising an augmented reality content generator including a 3D effect. The subject technology captures image data using at &hellip;"
US20210065464A1,A1,application,snap_filed, Beautification techniques for 3d data in a messaging system,Snap Inc.,Snap Inc,Kyle Goodrich,2019-08-28,2020-08-28,2021-03-04,,https://patentimages.storage.googleapis.com/a0/16/04/440b5c06002692/US20210065464A1.pdf,https://patents.google.com/patent/US20210065464A1/en,"The subject technology receives a selection of a selectable graphical item from a plurality of selectable graphical items, the selectable graphical item comprising an augmented reality content generator for applying a 3D effect, the 3D effect including at least one beautification operation. The &hellip;"
US20210076173A1,A1,application,snap_filed, Non-textual communication and user states management,Snap Inc.,Snap Inc,Andrés Monroy-Hernández,2019-09-06,2020-09-08,2021-03-11,,https://patentimages.storage.googleapis.com/41/60/43/4393315cba327e/US20210076173A1.pdf,https://patents.google.com/patent/US20210076173A1/en,"For example, if weather data indicates today is sunny, the state system may <b>assign</b> a score (e.g., 0.1) to the happy state, but may <b>assign</b> a score 0 to sad, at home, or activity state of the user. In another example, if the user state system determines the user is at home, the system may <b>assign</b> a &hellip;"
US20210089599A1,A1,application,snap_filed, Audience filtering system,Snap Inc.,Snap Inc,Mehrdad Jahangiri,2018-02-28,2020-12-03,2021-03-25,,https://patentimages.storage.googleapis.com/34/ee/48/3ced4ea82e7333/US20210089599A1.pdf,https://patents.google.com/patent/US20210089599A1/en,"A user of the audience filtering system provides a user input that defines a set of attribute values of a set of user attributes. In some embodiments, the user may additionally provide Boolean operators to <b>assign</b> to the set of attribute values defined by the user input. In response to receiving the &hellip;"
US20210133800A1,A1,application,snap_filed, Generating interactive advertising with content collections,Snap Inc.,Snap Inc,Jacob Andreou,2017-04-28,2021-01-14,2021-05-06,,https://patentimages.storage.googleapis.com/63/9b/cc/71cad4bfe639dc/US20210133800A1.pdf,https://patents.google.com/patent/US20210133800A1/en,"Systems, devices, media, instructions, and methods are provided for presentation of media collections with automated interactive advertising. In one embodiment, a server system merges advertising data with interaction elements to create an advertising element, and communicates the advertising &hellip;"
US20210168100A1,A1,application,snap_filed, Selective presentation of group messages,Snap Inc.,Snap Inc,William Wu,2017-02-20,2021-02-10,2021-06-03,,https://patentimages.storage.googleapis.com/5d/c7/b4/eb15a159c563de/US20210168100A1.pdf,https://patents.google.com/patent/US20210168100A1/en,"&hellip;  new group chat conversations. For example, the group chat interface can enable a user to select one or more participants to include in the group chat conversation, <b>assign</b> a group chat interface name, and/or transmit a message to the selected participants as part of the group chat conversation."
US20210173880A1,A1,application,snap_filed, Astrological social media interface,Snap Inc.,Snap Inc,Andrew Grosvenor Cooper,2019-12-04,2019-12-04,2021-06-10,,https://patentimages.storage.googleapis.com/5e/09/13/be241804b36903/US20210173880A1.pdf,https://patents.google.com/patent/US20210173880A1/en,"An astrological interface system to access first user profile data of a first user, the first user profile data including a birthdate, <b>assign</b> a first astrological sign from among a plurality of astrological signs to the first user based on the birthdate, the first astrological sign corresponding &hellip;"
US20210217217A1,A1,application,snap_filed, Avatar based ideogram generation,Snap Inc.,Snapchat Inc,Artem Bondich,2016-06-30,2021-03-29,2021-07-15,,https://patentimages.storage.googleapis.com/3a/a0/ac/d6da5851cc2a91/US20210217217A1.pdf,https://patents.google.com/patent/US20210217217A1/en,"Systems, devices, media, and methods are presented for generating ideograms from a set of images received in an image stream. The systems and methods detect at least a portion of a face within the image and identify a set of facial landmarks within the portion of the face. The systems and methods &hellip;"
US20210264517A1,A1,application,other_assignee, Internet meme economy,"Gfycat, Inc.",Snap Inc,Jeffrey Harris,2020-02-24,2021-02-24,2021-08-26,,https://patentimages.storage.googleapis.com/2e/f3/1b/ecf19c2b742c5f/US20210264517A1.pdf,https://patents.google.com/patent/US20210264517A1/en,13 . The computing apparatus of claim 10 wherein the instructions further configure the apparatus to: identify an iteration of the Internet meme; and <b>assign</b> shares in the iteration of the Internet meme to shareholders of the Internet meme. 14 . The computing apparatus of claim 10 wherein the &hellip;
US20210271533A1,A1,application,snap_filed, Displaying items based on a configuration file,Snap Inc.,Snap Inc,Jason Varbedian,2020-02-28,2021-05-04,2021-09-02,,https://patentimages.storage.googleapis.com/82/ff/4f/efa4b42832968a/US20210271533A1.pdf,https://patents.google.com/patent/US20210271533A1/en,"Such channels can include real-time peer-to-peer connections, push notifications, and information that is pulled from the server in a synchronization operation. The user device processes the events, based on the configuration filed received from the server, to <b>assign</b> priorities to the events. The &hellip;"
US20210279082A1,A1,application,snap_filed, Interface to configure media content,Snap Inc.,Snap Inc,Ashley Michelle Wayne,2018-11-30,2021-05-25,2021-09-09,,https://patentimages.storage.googleapis.com/a1/31/b7/5b5cb2598127a9/US20210279082A1.pdf,https://patents.google.com/patent/US20210279082A1/en,"Embodiments of the present disclosure relate to systems for performing operations that include: receiving a first media object, such as a digital representation of a logo (e.g., JPEG, TIFF, PNG, BMP, etc.), wherein the first media object comprises at least color data that defines a set of colors &hellip;"
US20210281533A1,A1,application,snap_filed, Prioritizing transmissions based on user engagement,Snap Inc.,Snap Inc,Joshua Schumacher,2020-03-03,2020-03-03,2021-09-09,,https://patentimages.storage.googleapis.com/fa/5f/d2/5b4b7e3e7fc384/US20210281533A1.pdf,https://patents.google.com/patent/US20210281533A1/en,Systems and methods are provided for transmitting events. The systems and methods include operations for: receiving data indicating a level of user engagement with a messaging application for a given user; determining that the level of user engagement is below a specified threshold; prioritizing a &hellip;
US20210303139A1,A1,application,snap_filed, Prioritizing display of user icons associated with content,Snap Inc.,Snap Inc,Jeremy Voss,2019-12-30,2021-03-05,2021-09-30,,https://patentimages.storage.googleapis.com/e0/06/22/d33805e6d6a1ae/US20210303139A1.pdf,https://patents.google.com/patent/US20210303139A1/en,"Aspects of the present disclosure involve a system comprising a computer-readable storage medium storing a program and method for prioritizing display of an icon representing a user with available content. The program and method provide for determining a display order for multiple icons, each icon &hellip;"
US20210303592A1,A1,application,snap_filed, Data synchronization for content consumed via a client application,Snap Inc.,Snap Inc,David Andrew Killian,2020-03-31,2021-03-18,2021-09-30,,https://patentimages.storage.googleapis.com/47/56/0b/cdcb8bb13bc7f4/US20210303592A1.pdf,https://patents.google.com/patent/US20210303592A1/en,Systems and methods are provided for data synchronization for client application generated data. Content may be generated by a client application executed by a creator client device and sent to a server system that may distribute the content to one or more additional client devices of recipients &hellip;
US20210306293A1,A1,application,snap_filed, Messaging system of partial and out-of-order events,Snap Inc.,Snap Inc,Bradley Baron,2020-03-31,2021-03-17,2021-09-30,,https://patentimages.storage.googleapis.com/ca/82/cf/924a37040ae591/US20210306293A1.pdf,https://patents.google.com/patent/US20210306293A1/en,"Methods, systems, and computer readable medium are provided for receiving an event message in a plurality of event messages, the event message comprising a sequence number and associated data, identifying the event message as an out-of-order event message based on the sequence number, assigning a &hellip;"
US20210319625A1,A1,application,snap_filed, Augmented reality content generators including 3d data in a messaging system,Snap Inc.,Snap Inc,Kyle Goodrich,2020-04-13,2021-04-13,2021-10-14,,https://patentimages.storage.googleapis.com/98/7a/b4/b21421f653c40d/US20210319625A1.pdf,https://patents.google.com/patent/US20210319625A1/en,"The subject technology selects a set of augmented reality content generators from available augmented reality content generators, the selected set of augmented reality content generators comprising at least one augmented reality content generator for applying a three-dimensional (3D) effect. The &hellip;"
US20210367798A1,A1,application,snap_filed, Group contact lists generation,Snap Inc.,Snap Inc,Ty Giacalone,2020-02-21,2021-08-04,2021-11-25,,https://patentimages.storage.googleapis.com/bc/cc/d5/c5617501350292/US20210367798A1.pdf,https://patents.google.com/patent/US20210367798A1/en,"In some examples, a computer-implemented method includes accessing a contact database of a sending user, the contact database includes a plurality of contact records, each contact record of the plurality of contact records being associated with a respective user and including respective graphic &hellip;"
US20210373726A1,A1,application,snap_filed, Client application content classification and discovery,Snap Inc.,Snap Inc,Nathan Kenneth Boyd,2020-05-28,2020-05-28,2021-12-02,,https://patentimages.storage.googleapis.com/7a/0a/62/31392415dee7bc/US20210373726A1.pdf,https://patents.google.com/patent/US20210373726A1/en,"In one or more implementations, content generated using a client application may be associated with a classification. The content may be accessed based on one or more classifications associated with the content. Content may be generated by a client application executed by a client device of a &hellip;"
US20210377105A1,A1,application,snap_filed, User classification based notification,Snap Inc.,Snap Inc,Nathan Kenneth Boyd,2020-05-26,2020-05-26,2021-12-02,,https://patentimages.storage.googleapis.com/80/aa/e2/3fa9c2c674381a/US20210377105A1.pdf,https://patents.google.com/patent/US20210377105A1/en,"As an illustrative example, in certain embodiments, a frequency or rate in which bidirectional communications (i.e., messages) are exchanged between a user and one or more of the users among the list of user connections may be a factor in determining what classification to <b>assign</b> to a user &hellip;"
US20210383429A1,A1,application,snap_filed, Advertising futures marketplace methods and systems,Snap Inc.,Snap Inc,David SOLOFF,2007-11-02,2021-01-12,2021-12-09,,https://patentimages.storage.googleapis.com/18/a7/ce/627ffdae26318b/US20210383429A1.pdf,https://patents.google.com/patent/US20210383429A1/en,"Methods and systems provide information products relating to past, present and future advertising transactions (i.e., contracts to place advertisements in various media) to enable a marketplace in advertising products. Information regarding a plurality of advertising transactions are gathered."
US20220004260A1,A1,application,snap_filed, Vibrational input elements,Snap Inc.,Snap Inc,Chang Xiao,2019-03-29,2021-09-09,2022-01-06,,https://patentimages.storage.googleapis.com/c7/af/2f/9ee091cda939e5/US20220004260A1.pdf,https://patents.google.com/patent/US20220004260A1/en,Systems and methods are provided that relate to vibrational input elements configured to provide inputs to control an application executed by a mobile computing device. The vibrational input elements may produce distinct vibration patterns that are detectable by a sensor of the mobile computing &hellip;
US20220004703A1,A1,application,snap_filed, Annotating a collection of media content items,Snap Inc.,Snap Inc,Newar Husam Al Majid,2018-03-30,2021-09-20,2022-01-06,,https://patentimages.storage.googleapis.com/17/0c/72/33559d7891f64e/US20220004703A1.pdf,https://patents.google.com/patent/US20220004703A1/en,"Various embodiments provide for systems, methods, and computer-readable storage media for annotating a collection of media items, such as digital images. According to some embodiments, an annotation system automatically determines one or more annotations for a plurality of media content items, and &hellip;"
US20220114221A1,A1,application,snap_filed, Searching social media content,Snap Inc.,Snap Inc,Newar Husam Al Majid,2017-02-17,2021-12-22,2022-04-14,,https://patentimages.storage.googleapis.com/1a/41/b7/6c0cc31fe02c07/US20220114221A1.pdf,https://patents.google.com/patent/US20220114221A1/en,"Various embodiments provide for systems, methods, and computer-readable storage media that improve media content search functionality and curation of media content. For instance, various embodiments described in this document provide features that can present media content items in the form of &hellip;"
US20220116349A1,A1,application,other_assignee, Messaging platform communication processing using message cluster detection and &hellip;,"Realnetworks, Inc.",Snap Inc,Randy Warshaw,2017-11-27,2021-12-23,2022-04-14,,https://patentimages.storage.googleapis.com/d9/43/97/0fda61f8898b87/US20220116349A1.pdf,https://patents.google.com/patent/US20220116349A1/en,"; Twitter, provided by Twitter Inc. of San Francisco, Calif.; WhatsApp, provided by WhatsApp Inc. of Menlo Park, Calif.; Google+, provided by Google Inc. of Mountain View, Calif.; SnapChat, provided by <b>Snap Inc</b>. of Venice, Calif., and the like. The term “message” as used herein refers to textual, &hellip;"
US20220121492A1,A1,application,snap_filed, Core targeting in heterogeneous multiprocessor systems,Michael Cieslak,Snap Inc,Michael Cieslak,2019-05-30,2021-12-30,2022-04-21,,https://patentimages.storage.googleapis.com/1b/12/3c/4dd0ca70f9e401/US20220121492A1.pdf,https://patents.google.com/patent/US20220121492A1/en,&hellip;  to known values for high-level processor cores and low-level processor cores to identify a match. The core monitor 204 can then <b>assign</b> a processor core type to each of the processor cores of the heterogeneous multiprocessor system responsive to the identified match for storage by core mapper 206 . &hellip;
US20220125337A1,A1,application,snap_filed, Adaptive skeletal joint smoothing,Snap Inc.,Snap Inc,Avihay Assouline,2020-10-27,2020-11-06,2022-04-28,,https://patentimages.storage.googleapis.com/b2/bc/1b/df25fd2491fadf/US20220125337A1.pdf,https://patents.google.com/patent/US20220125337A1/en,Aspects of the present disclosure involve a system comprising a computer-readable storage medium storing a program and a method for performing operations comprising: receiving a video that includes a depiction of a body of a user; detecting a plurality of skeletal joints of the body depicted in &hellip;
US20220138237A1,A1,application,snap_filed," Systems, devices, and methods for content selection",Snap Inc.,Snap Inc,Jason Brewer,2017-07-31,2021-11-09,2022-05-05,,https://patentimages.storage.googleapis.com/3f/14/98/6b9959742db901/US20220138237A1.pdf,https://patents.google.com/patent/US20220138237A1/en,"Disclosed are systems, methods, and computer-readable storage media to present content on an electronic display. In one aspect, a method includes identifying a first candidate content and a second candidate content for presentation on an electronic display, determining a first probability and a &hellip;"
US20220141327A1,A1,application,other_assignee, Audience interaction system and method,"Nymbus, Llc",Snapchat Inc,David Wright,2016-09-12,2022-01-06,2022-05-05,,https://patentimages.storage.googleapis.com/1c/b4/2a/6b1855234cace2/US20220141327A1.pdf,https://patents.google.com/patent/US20220141327A1/en,"As used herein, a “cue stack creation component”, an “event cue stack creator”, or a “cue stack generator” includes a computer system or computing device that allows the user to create a tree-like representation of each event, so that the user can <b>assign</b> cues to each song and/or song segment to &hellip;"
US20220159178A1,A1,application,snap_filed, Automated eyewear device sharing system,Snap Inc.,Snap Inc,Andrew Bartow,2019-09-30,2022-01-31,2022-05-19,,https://patentimages.storage.googleapis.com/c1/c9/bc/7a1603028d05aa/US20220159178A1.pdf,https://patents.google.com/patent/US20220159178A1/en,"Systems, devices, media, and methods are described for capturing a series of raw images by portable electronic devices, such as wearable devices including eyewear, and automating the process of processing such raw images by a client mobile device, such as a smart phone, such automation including &hellip;"
US20220237914A1,A1,application,snap_filed, Augmented reality item collections,Snap Inc.,Snap Inc,Kaveh Anvaripour,2020-03-30,2022-04-14,2022-07-28,,https://patentimages.storage.googleapis.com/56/3e/9a/94a47fdc36d586/US20220237914A1.pdf,https://patents.google.com/patent/US20220237914A1/en,"Systems and methods are provided for performing operations including: receiving, via a messaging application, input that selects a collection of augmented reality items; obtaining an identifier of the collection of the augmented reality items; searching, based on the identifier, a plurality of &hellip;"
US20220276947A1,A1,application,snap_filed, Staged release of updates with anomaly monitoring,Michael Cieslak,Snap Inc,Michael Cieslak,2019-04-24,2022-05-18,2022-09-01,,https://patentimages.storage.googleapis.com/6f/1b/19/312649621f8691/US20220276947A1.pdf,https://patents.google.com/patent/US20220276947A1/en,"The rank may also be used to define an order of release for a set of features in which one must be installed before the others, in an ordered list. Any of a variety of criteria, ranging from importance or urgency to mere convenience or no reason at all, may be used to <b>assign</b> a rank to a feature."
US20220277655A1,A1,application,snap_filed, Drone pairing,Simon Saito Haagen Nielsen,Snap Inc,Simon Saito Haagen Nielsen,2018-03-06,2022-05-19,2022-09-01,,https://patentimages.storage.googleapis.com/1d/44/a1/f6e77d587a77d6/US20220277655A1.pdf,https://patents.google.com/patent/US20220277655A1/en,"The system of claim 1 , wherein the functions further include functions to: communicate with the other of the at least two drones; and <b>assign</b> numbers to each of the at least two drones based on the communication to determine the order of precedence between the drone and the at least one other drone."
US20220284682A1,A1,application,snap_filed, Generating 3d data in a messaging system,Snap Inc.,Snap Inc,Kyle Goodrich,2019-08-28,2021-11-12,2022-09-08,,https://patentimages.storage.googleapis.com/f4/6d/f5/e8b37671098b99/US20220284682A1.pdf,https://patents.google.com/patent/US20220284682A1/en,The subject technology receives image data and depth data. The subject technology selects an augmented reality content generator corresponding to a three-dimensional (3D) effect. The subject technology applies the 3D effect to the image data and the depth data based at least in part on the &hellip;
US20220300297A1,A1,application,snap_filed, Automated scaling of application features based on rules,Snap Inc.,Snap Inc,Michael Ronald Cieslak,2019-04-17,2022-06-09,2022-09-22,,https://patentimages.storage.googleapis.com/e4/4e/74/05a15901cd5041/US20220300297A1.pdf,https://patents.google.com/patent/US20220300297A1/en,"Aspects of the present disclosure involve systems and methods for performing operations comprising providing a messaging application comprising a feature to a client device, the feature being implemented by operations having alternative complexity levels, wherein a first complexity level &hellip;"
US20220301122A1,A1,application,snap_filed, Location mapping for large scale augmented-reality,Snap Inc.,Snap Inc,Richard McCormack,2020-03-27,2022-06-10,2022-09-22,,https://patentimages.storage.googleapis.com/2b/b0/f2/791a87ea89d74e/US20220301122A1.pdf,https://patents.google.com/patent/US20220301122A1/en,"&hellip;  location data of the data object. For example, the point cloud module 306 may <b>assign</b> the point cloud to a geo-fence that encompasses a location. In some embodiments, assigning the point cloud to a location may include aligning the point cloud with a location based on landmarks within the location. &hellip;"
US20220308721A1,A1,application,snap_filed, Message thread prioritization interface,Snap Inc.,Snap Inc,Jeremy Voss,2019-08-05,2022-06-14,2022-09-29,,https://patentimages.storage.googleapis.com/00/1e/0d/8d390cc68bbc12/US20220308721A1.pdf,https://patents.google.com/patent/US20220308721A1/en,"Responsive to allocating a message thread to the allocable region, the message prioritization interface may <b>assign</b> one or more graphical icons to the display of the message thread to provide an indication that the message thread has been pinned to the first position in the GUI that correspond with &hellip;"
US20220318325A1,A1,application,snap_filed, Determining classification recommendations for user content,Snap Inc.,Snap Inc,Nathan Kenneth Boyd,2021-03-31,2022-03-30,2022-10-06,,https://patentimages.storage.googleapis.com/03/2a/a1/e834c31de8ebe8/US20220318325A1.pdf,https://patents.google.com/patent/US20220318325A1/en,"In one or more implementations, content generated using a client application may be associated with a classification. A number of classifications may be recommended to users of a client application based on alphanumeric characters entered by the users. Additionally, a number of classifications may &hellip;"
US20220319082A1,A1,application,snap_filed, Generating modified user content that includes additional text content,Snap Inc.,Snap Inc,Nathan Kenneth Boyd,2021-03-31,2022-03-30,2022-10-06,,https://patentimages.storage.googleapis.com/81/09/21/ed2202d47a7a11/US20220319082A1.pdf,https://patents.google.com/patent/US20220319082A1/en,"In one or more implementations, user content items generated using a client application may be shared with users that are not contacts of the user within the client application. A user interface that indicates a number of recipients of the user content item may be generated that also includes a &hellip;"
US20220321369A1,A1,application,snap_filed, Assigning participants to rooms within a virtual conferencing system,Snap Inc.,Snap Inc,Andrew Cheng-min Lin,2021-03-30,2021-08-03,2022-10-06,,https://patentimages.storage.googleapis.com/d9/ee/fb/6e2f0e9f60f3af/US20220321369A1.pdf,https://patents.google.com/patent/US20220321369A1/en,"&hellip;  ; and providing, based on the assigning, for virtual conferencing between the plural participants within the one or more rooms, wherein the room occupancy preferences include a preference to <b>assign</b> participants to rooms with higher audio levels which correspond to higher participant conversation."
US20220321373A1,A1,application,snap_filed, Breakout sessions based on tagging users within a virtual conferencing system,Snap Inc.,Snap Inc,Andrew Cheng-min Lin,2021-03-30,2021-08-02,2022-10-06,,https://patentimages.storage.googleapis.com/5f/87/48/cb25de31c3ea81/US20220321373A1.pdf,https://patents.google.com/patent/US20220321373A1/en,"Aspects of the present disclosure involve a system comprising a computer-readable storage medium storing a program and method for providing breakout sessions based on tagging users within a virtual conferencing system. The program and method provide, in association with designing a virtual space &hellip;"
US20220321833A1,A1,application,snap_filed, Configuring participant video feeds within a virtual conferencing system,Snap Inc.,Snap Inc,Andrew Cheng-min Lin,2021-03-30,2021-07-30,2022-10-06,,https://patentimages.storage.googleapis.com/1b/b0/b8/3559b7e72b2c29/US20220321833A1.pdf,https://patents.google.com/patent/US20220321833A1/en,"&hellip;  participants, display of the room based on the properties for the plural participant video elements; and <b>assign</b>, for each of the plural participants, a participant video feed corresponding to the participant with a respective participant video element of the plural participant video elements."
US20220327608A1,A1,application,snap_filed, Home based augmented reality shopping,Snap Inc.,Snap Inc,Avihay Assouline,2021-04-12,2021-04-12,2022-10-13,,https://patentimages.storage.googleapis.com/d2/92/ef/216f45e95c5581/US20220327608A1.pdf,https://patents.google.com/patent/US20220327608A1/en,Aspects of the present disclosure involve a system comprising a computer-readable storage medium storing a program and a method for performing operations comprising: receiving a video that includes a depiction of one or more objects in a room within a home; determining a room classification for &hellip;
US20220343574A1,A1,application,snap_filed, Augmented reality anthropomorphization system,Snap Inc.,Snap Inc,Itamar Berger,2018-08-31,2022-07-12,2022-10-27,,https://patentimages.storage.googleapis.com/ed/70/3a/9632b421bd7210/US20220343574A1.pdf,https://patents.google.com/patent/US20220343574A1/en,"&hellip;  user to design and configure a media object to be displayed within the presentation of the space, upon the object. In further embodiments, the AR system may receive inputs that <b>assign</b> a set of media object features to one or more attributes of objects presented within the presentation of the space."
US20220345435A1,A1,application,snap_filed, Automated image processing and insight presentation,Snap Inc.,Snap Inc,Harsh Agrawal,2019-01-31,2022-04-04,2022-10-27,,https://patentimages.storage.googleapis.com/98/21/5e/5f674372cba536/US20220345435A1.pdf,https://patents.google.com/patent/US20220345435A1/en,"Systems, methods, devices, computer readable instruction media, and other embodiments are described for automated image processing and insight presentation. One embodiment involves receiving a plurality of ephemeral content messages from a plurality of client devices, and processing the messages &hellip;"
US20220358549A1,A1,application,snap_filed, Media collection navigation with opt-out interstitial,Snap Inc.,Snap Inc,Nathan Kenneth Boyd,2017-11-28,2022-05-23,2022-11-10,,https://patentimages.storage.googleapis.com/6e/9f/56/3eddc76fc8016a/US20220358549A1.pdf,https://patents.google.com/patent/US20220358549A1/en,"Embodiments for communicating and displaying collections of image and video clip content with an opt-out interstitial are described. In one example embodiment, a device receives interface information about a group of content collections from a server computer system. When a user inputs a selection &hellip;"
US20220358734A1,A1,application,snap_filed," Augmented reality task identification and assistance in construction, &hellip;",Michael J. Schuster,Snap Inc,Michael J. Schuster,2017-05-16,2022-07-24,2022-11-10,,https://patentimages.storage.googleapis.com/dc/63/1e/ca491eea7f687b/US20220358734A1.pdf,https://patents.google.com/patent/US20220358734A1/en,"&hellip;  as well as to recognize particular eye movements to select projects 133 , change layouts, etc. Additionally, the operator may be able to point or tap on holographic user interface elements to select projects 133 , change layouts, <b>assign</b> dimensions to projects 130 , etc. The augmented reality device 50"
US20220358770A1,A1,application,other_assignee, Scene reconstruction in three-dimensions from two-dimensional images,"Ariel Al, Ltd.",Snap Inc,Riza Alp Guler,2019-06-17,2020-06-17,2022-11-10,,https://patentimages.storage.googleapis.com/f1/3f/ab/8da857901cbfb8/US20220358770A1.pdf,https://patents.google.com/patent/US20220358770A1/en,"This specification relates to reconstructing three-dimensional (3D) scenes from two-dimensional (2D) images using a neural network. According to a first aspect of this specification, there is described a method for creating a three-dimensional reconstruction of a scene with multiple objects from a &hellip;"
US20220366600A1,A1,application,snap_filed, Depth-from-stereo bending correction using visual inertial odometry features,Snap Inc.,Snap Inc,Sagi Katz,2021-05-14,2021-09-21,2022-11-17,,https://patentimages.storage.googleapis.com/b5/f3/6d/1c4b9e33a76d74/US20220366600A1.pdf,https://patents.google.com/patent/US20220366600A1/en,"CLAIM OF PRIORITY The present application claims priority to U.S. Provisional Patent Application Ser. No. 63/188,815, filed May 14, 2021, which is hereby incorporated by reference in its entirety. TECHNICAL FIELD The subject matter disclosed herein generally relates to a visual tracking system."
US20220368824A1,A1,application,snap_filed, Scaled perspective zoom on resource constrained devices,Snap Inc.,Snap Inc,Linjie LUO,2017-06-15,2022-07-29,2022-11-17,,https://patentimages.storage.googleapis.com/70/fa/7e/ac5d9e9d4cd9be/US20220368824A1.pdf,https://patents.google.com/patent/US20220368824A1/en,"A dolly zoom effect can be applied to one or more images captured via a resource-constrained device (e.g., a mobile smartphone) by manipulating the size of a target feature while the background in the one or more images changes due to physical movement of the resource-constrained device. The &hellip;"
US20220374968A1,A1,application,snap_filed, Vr-based connected portal shopping,Itamar Berger,Snap Inc,Itamar Berger,2021-05-19,2021-05-19,2022-11-24,,https://patentimages.storage.googleapis.com/7b/d0/4a/5b386671ce9624/US20220374968A1.pdf,https://patents.google.com/patent/US20220374968A1/en,Aspects of the present disclosure involve a system comprising a computer-readable storage medium storing programs and methods for performing operations comprising: receiving a request from a client device of a first user to engage in a shared virtual reality shopping experience with a second user;
US20220374969A1,A1,application,snap_filed, Customized virtual store,Itamar Berger,Snap Inc,Itamar Berger,2021-05-19,2021-05-19,2022-11-24,,https://patentimages.storage.googleapis.com/b9/dc/db/ab5a8a96e1b1f0/US20220374969A1.pdf,https://patents.google.com/patent/US20220374969A1/en,"Aspects of the present disclosure involve a system comprising a computer-readable storage medium storing a program and a method for performing operations comprising: receiving, from a client device of a first user, a request from the first user to engage in an AR shopping experience curated by a &hellip;"
US20220375169A1,A1,application,snap_filed, Ar-based connected portal shopping,Itamar Berger,Snap Inc,Itamar Berger,2021-05-19,2021-05-19,2022-11-24,,https://patentimages.storage.googleapis.com/d9/b3/f3/84bcfdb3fe1ad9/US20220375169A1.pdf,https://patents.google.com/patent/US20220375169A1/en,Aspects of the present disclosure involve a system comprising a computer-readable storage medium storing a program and a method for performing operations comprising: receiving a request from a client device of a first user to engage in a shared augmented reality (AR) shopping experience with a &hellip;
US20220383053A1,A1,application,snap_filed, Ephemeral content management,Snap Inc.,Snap Inc,Jonathan Brody,2016-07-05,2022-05-13,2022-12-01,,https://patentimages.storage.googleapis.com/c0/b7/89/188a76b454ab03/US20220383053A1.pdf,https://patents.google.com/patent/US20220383053A1/en,1 . (canceled) 2 . A method comprising: accessing a content database comprising messaging history data associated with one or more characteristics of image data; processing the one or more characteristics with the messaging history data to <b>assign</b> an ephemeral status indicator for the image data; &hellip;
US20230017029A1,A1,application,snap_filed, Media preview system,Snap Inc.,Snap Inc,Omer Cansizoglu,2017-09-21,2022-09-29,2023-01-19,,https://patentimages.storage.googleapis.com/f2/52/71/2a6943aec02625/US20230017029A1.pdf,https://patents.google.com/patent/US20230017029A1/en,"In further embodiments, the media preview system may <b>assign</b> a request limit to the coded image, such that the preview of the media content may only be accessed by scanning the coded image a predefined number of times (e.g., 50 scans). In such embodiments, the media preview system may increment a &hellip;"
US20230021727A1,A1,application,snap_filed, Map-based graphical user interface indicating geospatial activity metrics,Snap Inc.,Snap Inc,Daniel Amitay,2017-04-27,2022-08-02,2023-01-26,,https://patentimages.storage.googleapis.com/5e/f4/9b/8568d5d356a13a/US20230021727A1.pdf,https://patents.google.com/patent/US20230021727A1/en,A server-side administrative interface for a social media platform allows for restriction of defined geographical areas. Social media items originating from such restricted areas are automatically filtered or age-restricted for availability via a map-based graphical user interface of the social &hellip;
US20230024562A1,A1,application,snap_filed, State-space system for pseudorandom animation,Snap Inc.,Snap Inc,Gurunandan Krishnan Gorumkonda,2019-09-30,2022-05-27,2023-01-26,,https://patentimages.storage.googleapis.com/7c/0d/59/b61bb98b7fe0d0/US20230024562A1.pdf,https://patents.google.com/patent/US20230024562A1/en,"The control points can have possible motions assigned to describe all possible movements of all parts of the model. A designer can then <b>assign</b> a probability to each motion, so that during a displayed animation, the likelihood of certain motions occurring are set probabilistically by the designer."
US20230035620A1,A1,application,other_assignee, Neural network processor and method of neural network processing,Grai Matter Labs S.A.S.,Snap Inc,Amirreza YOUSEFZADEH,2019-12-17,2020-12-17,2023-02-02,,https://patentimages.storage.googleapis.com/4a/67/84/cfbb2e5a5e0bdd/US20230035620A1.pdf,https://patents.google.com/patent/US20230035620A1/en,"&hellip;  is reassigned as Q′. It is noted that in this case, wherein Q′ was set to the original binary state value, the reassignment of Q is superfluous, and can be skipped. Similarly it is not necessary to <b>assign</b> Q′ to Q in case it is determined that the quantized difference ΔX q is zero, so that sub-step S"
US20230071099A1,A1,application,snap_filed, Methods and systems for presentation of media collections with automated &hellip;,Snap Inc.,Snap Inc|Snapchat Inc,Jacob Andreou,2016-06-28,2022-10-14,2023-03-09,,https://patentimages.storage.googleapis.com/9d/95/8c/68a72143a48b18/US20230071099A1.pdf,https://patents.google.com/patent/US20230071099A1/en,"Systems, devices, media, instructions, and methods are provided for presentation of media collections with automated advertising. In one embodiment, display time data associated for a first plurality of content elements and a first advertising element as displayed on a first device are used in &hellip;"
US20230105981A1,A1,application,snap_filed, Messaging system with trend analysis of content,Snap Inc.,Snap Inc,Leonardo Ribas Machado das Neves,2020-04-24,2022-10-06,2023-04-06,,https://patentimages.storage.googleapis.com/b4/de/75/6f84be092e8423/US20230105981A1.pdf,https://patents.google.com/patent/US20230105981A1/en,A messaging system performs trend analysis on content produced by users of the messaging system. The messaging system is configured to extract modifications from content items received from client devices associated with users where the content items are modified using the modifications that &hellip;
US20230113024A1,A1,application,snap_filed, Configuring broadcast media quality within a virtual conferencing system,Snap Inc.,Snap Inc,Andrew Cheng-min Lin,2021-09-30,2022-09-27,2023-04-13,,https://patentimages.storage.googleapis.com/01/26/db/4cb22101e65fa6/US20230113024A1.pdf,https://patents.google.com/patent/US20230113024A1/en,"&hellip;  of the room based on the broadcast media quality set for each of the first and second participant video elements; and <b>assign</b>, for each participant, a participant video feed corresponding to the participant with a respective participant video element of the plural participant video elements."
US20230135808A1,A1,application,snap_filed," Generation, curation, and presentation of media collections",Snap Inc.,Snap Inc,Nicholas Richard Allen,2016-02-26,2022-12-29,2023-05-04,,https://patentimages.storage.googleapis.com/fa/4b/9a/b99bd5d4b45406/US20230135808A1.pdf,https://patents.google.com/patent/US20230135808A1/en,Systems and methods are provided for receiving input increasing a default predetermined window of time that the new media collection is accessible and activating the new media collection for the increased predetermined window of time and a geographic boundary size for where media content &hellip;
US20230185428A1,A1,application,snap_filed, Smart carousel of image modifiers,Snap Inc.,Snap Inc,Samir Ahmed,2016-11-22,2023-02-03,2023-06-15,,https://patentimages.storage.googleapis.com/6a/78/d9/0eed78da10922b/US20230185428A1.pdf,https://patents.google.com/patent/US20230185428A1/en,"Embodiments of the present disclosure relate generally to techniques for automated organization and presentation of user-selectable features within user interfaces. More particularly, but not by way of limitation, the present disclosure addresses systems and methods for presenting and accessing &hellip;"
US20230185431A1,A1,application,snap_filed, Client application content classification and discovery,Snap Inc.,Snap Inc,Nathan Kenneth Boyd,2020-05-28,2023-02-06,2023-06-15,,https://patentimages.storage.googleapis.com/ec/51/25/659af818a40f87/US20230185431A1.pdf,https://patents.google.com/patent/US20230185431A1/en,"In one or more implementations, content generated using a client application may be associated with a classification. The content may be accessed based on one or more classifications associated with the content. Content may be generated by a client application executed by a client device of a &hellip;"
US20230186377A1,A1,application,snap_filed, Customized virtual store,Snap Inc.,Snap Inc,Itamar Berger,2021-05-19,2023-01-17,2023-06-15,,https://patentimages.storage.googleapis.com/78/04/55/71a96a94b97658/US20230186377A1.pdf,https://patents.google.com/patent/US20230186377A1/en,"Aspects of the present disclosure involve a system comprising a computer-readable storage medium storing a program and a method for performing operations comprising: receiving, from a client device of a first user, a request from the first user to engage in an AR shopping experience curated by a &hellip;"
US20230198791A1,A1,application,snap_filed, Group contact lists generation,Snap Inc.,Snap Inc,Ty Giacalone,2020-02-21,2023-02-10,2023-06-22,,https://patentimages.storage.googleapis.com/53/81/f1/985a8972209d7a/US20230198791A1.pdf,https://patents.google.com/patent/US20230198791A1/en,"In some examples, a computer-implemented method includes accessing a contact database of a sending user, the contact database includes a plurality of contact records, each contact record of the plurality of contact records being associated with a respective user and including respective graphic &hellip;"
US20230206669A1,A1,application,snap_filed, On-device two step approximate string matching,Snap Inc.,Snap Inc,Vasyl Pihur,2021-12-28,2021-12-28,2023-06-29,,https://patentimages.storage.googleapis.com/4f/17/15/cb4a1f4491419c/US20230206669A1.pdf,https://patents.google.com/patent/US20230206669A1/en,"According to certain embodiments, subsequent to generating the one or more bigrams, the fuzzy search system may <b>assign</b> a weight to each of the one or more skip bigrams, wherein the weight may be represented as λ k , where λ is the decay parameter and k is the order of the skip-bigram. In a case when &hellip;"
US20230208800A1,A1,application,snap_filed, Messaging system of partial and out-of-order events,Snap Inc.,Snap Inc,Bradley Baron,2020-03-31,2023-01-13,2023-06-29,,https://patentimages.storage.googleapis.com/89/ba/0d/3e3c16652aea62/US20230208800A1.pdf,https://patents.google.com/patent/US20230208800A1/en,"Methods, systems, and computer readable medium are provided for receiving an event message in a plurality of event messages, the event message comprising a sequence number and associated data, identifying the event message as an out-of-order event message based on the sequence number, assigning a &hellip;"
US20230215104A1,A1,application,snap_filed, Ar position and orientation along a plane,Snap Inc.,Snap Inc,Avilhay Assouline,2021-12-30,2021-12-30,2023-07-06,,https://patentimages.storage.googleapis.com/fb/c5/ce/864756485439c1/US20230215104A1.pdf,https://patents.google.com/patent/US20230215104A1/en,Aspects of the present disclosure involve a system for presenting AR items. The system performs operations including receiving a video that includes a depiction of one or more real-world objects in a real-world environment and obtaining depth data related to the real-world environment. The &hellip;
US20230222743A1,A1,application,snap_filed, Augmented reality anamorphosis system,Snap Inc.,Snap Inc,Piers Cowburn,2017-02-17,2023-03-08,2023-07-13,,https://patentimages.storage.googleapis.com/8b/6a/48/ad5977e84e042e/US20230222743A1.pdf,https://patents.google.com/patent/US20230222743A1/en,"In some example embodiments, users may generate and tag their own anamorphic media to locations. A user at a location may generate anamorphic media to be displayed in a space, and <b>assign</b> the anamorphic media to a position in the space. For example, the user may specify the position of the &hellip;"
US20230230292A1,A1,application,snap_filed, Object replacement system,Snap Inc.,Snap Inc,Viacheslav Ivanov,2022-01-19,2022-01-19,2023-07-20,,https://patentimages.storage.googleapis.com/d9/b5/d8/857c3360b86041/US20230230292A1.pdf,https://patents.google.com/patent/US20230230292A1/en,Aspects of the present disclosure involve a system comprising a computer-readable storage medium storing a program and a method for performing operations comprising: receiving an image that includes a depiction of a real-world environment; processing the image to obtain data indicating presence of &hellip;
US20230239197A1,A1,application,snap_filed, User classification based notification,Snap Inc.,Snap Inc,Nathan Kenneth Boyd,2020-05-26,2023-03-30,2023-07-27,,https://patentimages.storage.googleapis.com/91/31/5f/842565a9de8f28/US20230239197A1.pdf,https://patents.google.com/patent/US20230239197A1/en,"14 . The system of claim 8 , wherein the user attribute includes a classification, and the designating the notification type to the portion of the list of user connections includes: receiving a request to <b>assign</b> the classification to the portion of the list of user connections. 15 . A non-transitory &hellip;"
US20230251767A1,A1,application,snap_filed, Messaging system for resurfacing content items,Snap Inc.,Snap Inc,Jonathan Dale Brody,2020-12-21,2023-04-19,2023-08-10,,https://patentimages.storage.googleapis.com/d1/3b/12/0a6efdf76c45bb/US20230251767A1.pdf,https://patents.google.com/patent/US20230251767A1/en,"in response to the user performing a second interaction with the content item, determining a second score to <b>assign</b> to the interaction and updating the resurface score associated with the content item with the second score, wherein the second score is determined to be higher when the second &hellip;"
US20230254275A1,A1,application,snap_filed, Prioritizing transmissions based on user engagement,Snap Inc.,Snap Inc,Joshua Schumacher,2020-03-03,2023-04-13,2023-08-10,,https://patentimages.storage.googleapis.com/e2/fb/f1/85f2c02e105648/US20230254275A1.pdf,https://patents.google.com/patent/US20230254275A1/en,Systems and methods are provided for transmitting events. The systems and methods include operations for: receiving data indicating a level of user engagement with a messaging application for a given user; determining that the level of user engagement is below a specified threshold; prioritizing a &hellip;
US20230290026A1,A1,application,snap_filed, Augmented reality anthropomorphization system,Snap Inc.,Snap Inc,Itamar Berger,2018-08-31,2023-05-19,2023-09-14,,https://patentimages.storage.googleapis.com/26/ab/c2/2cabf7ddfce290/US20230290026A1.pdf,https://patents.google.com/patent/US20230290026A1/en,"&hellip;  user to design and configure a media object to be displayed within the presentation of the space, upon the object. In further embodiments, the AR system may receive inputs that <b>assign</b> a set of media object features to one or more attributes of objects presented within the presentation of the space."
US20230305861A1,A1,application,snap_filed, Automated scaling of application features based on rules,Snap Inc.,Snap Inc,Michael Ronald Cieslak,2019-04-17,2023-05-19,2023-09-28,,https://patentimages.storage.googleapis.com/10/28/d9/142f03c6bded56/US20230305861A1.pdf,https://patents.google.com/patent/US20230305861A1/en,"Aspects of the present disclosure involve systems and methods for performing operations comprising providing a messaging application comprising a feature to a client device, the feature being implemented by operations having alternative complexity levels, wherein a first complexity level &hellip;"
US20230316333A1,A1,application,other_assignee, Determining targeting information based on a predictive targeting model,"Foursquare Labs, Inc.",Snap Inc,David Shim,2014-09-16,2023-04-07,2023-10-05,,https://patentimages.storage.googleapis.com/f6/0a/23/2750b282bfec43/US20230316333A1.pdf,https://patents.google.com/patent/US20230316333A1/en,"A targeting system based on a predictive targeting model based on observed behavioral data including visit data, user profile and/or survey data, and geographic features associated with a geographic region. The predictive targeting model analyzes the observed behavioral data and the geographic &hellip;"
US20230336691A1,A1,application,snap_filed, Configuring participant video feeds within a virtual conferencing system,Snap Inc.,Snap Inc,Andrew Cheng-min Lin,2021-03-30,2023-06-23,2023-10-19,,https://patentimages.storage.googleapis.com/1c/46/00/3ed844f360161e/US20230336691A1.pdf,https://patents.google.com/patent/US20230336691A1/en,"&hellip;  participants, display of the room based on the properties for the plural participant video elements; and <b>assign</b>, for each of the plural participants, a participant video feed corresponding to the participant with a respective participant video element of the plural participant video elements."
US20230360082A1,A1,application,snap_filed, Interactive advertising with media collections,Snap Inc.,Snap Inc,Jacob Andreou,2017-04-28,2023-07-14,2023-11-09,,https://patentimages.storage.googleapis.com/94/f7/c8/f9ed516da2cb6f/US20230360082A1.pdf,https://patents.google.com/patent/US20230360082A1/en,"Systems, devices, media, instructions, and methods are provided for presentation of media collections with automated interactive advertising. In one embodiment, a client device receives content elements for display as part of a content collection. Advertising data is also received for display &hellip;"
US20230394525A1,A1,application,snap_filed, Advertising futures marketplace methods and systems,Snap Inc.,Snap Inc,David SOLOFF,2007-11-02,2023-06-09,2023-12-07,,https://patentimages.storage.googleapis.com/b0/b7/b3/17609908fdae73/US20230394525A1.pdf,https://patents.google.com/patent/US20230394525A1/en,"Methods and systems provide information products relating to past, present and future advertising transactions (i.e., contracts to place advertisements in various media) to enable a marketplace in advertising products. Information regarding a plurality of advertising transactions are gathered."
US20230409158A1,A1,application,snap_filed, Standardized ar interfaces for iot devices,Sven Kratz,Snap Inc,Sven Kratz,2022-06-15,2022-06-15,2023-12-21,,https://patentimages.storage.googleapis.com/21/47/21/1f90725c6f60c1/US20230409158A1.pdf,https://patents.google.com/patent/US20230409158A1/en,"&hellip;  for use with the system are described. By utilizing a camera on various messaging or AR platforms, such as SNAPCHAT® or SPECTACLES™ available from <b>Snap, Inc</b>. of Santa Monica, California, users may create fun and immersive ways of interacting with IoT devices through the standardized AR interfaces."
US20230410450A1,A1,application,snap_filed, Beautification techniques for 3d data in a messaging system,Snap Inc.,Snap Inc,Kyle Goodrich,2019-08-28,2023-08-31,2023-12-21,,https://patentimages.storage.googleapis.com/6a/20/ee/861547250e8fe1/US20230410450A1.pdf,https://patents.google.com/patent/US20230410450A1/en,"The subject technology applies, to image data and depth data, a 3D effect including at least one beautification operation based on an augmented reality content generator, the 3D effect including a beautification operation, the beautification operation comprising modifying image data, the image &hellip;"
US20230412780A1,A1,application,snap_filed, Headware with computer and optical element for use therewith and systems &hellip;,Snap Inc.,Snapchat Inc,Erick Miller,2011-05-11,2023-08-30,2023-12-21,,https://patentimages.storage.googleapis.com/97/83/e0/75f75214e0c7b8/US20230412780A1.pdf,https://patents.google.com/patent/US20230412780A1/en,"An apparatus for mounting on a head including a frame, A face-wearable near-ocular optics and a micro-display for displaying data in front of the eyes is provided. A computing device is coupled to the micro-display. At least one sensor is coupled to the computing device for receiving biometric &hellip;"
US20240012550A1,A1,application,snap_filed, Providing bot participants within a virtual conferencing system,Snap Inc.,Snap Inc,Andrew Cheng-min Lin,2022-07-09,2023-03-28,2024-01-11,,https://patentimages.storage.googleapis.com/8a/79/b9/0507615da5a2ff/US20240012550A1.pdf,https://patents.google.com/patent/US20240012550A1/en,"Aspects of the present disclosure involve a system comprising a computer-readable storage medium storing a program and method for providing bot participants for virtual conferencing. The program and method provide, in association with designing a virtual space, a first interface for configuring &hellip;"
US20240029302A1,A1,application,snap_filed, Depth-from-stereo bending correction using visual inertial odometry features,Snap Inc.,Snap Inc,Sagi Katz,2021-05-14,2023-09-27,2024-01-25,,https://patentimages.storage.googleapis.com/35/a7/7e/03eb215e4de1de/US20240029302A1.pdf,https://patents.google.com/patent/US20240029302A1/en,"A method for correcting a bending of a flexible device is described. In one aspect, the method includes accessing feature data of a first stereo frame that is generated by stereo optical sensors of the flexible device, the feature data generated based on a visual-inertial odometry (VIO) system of &hellip;"
US20240045727A1,A1,application,snap_filed, Core targeting in heterogeneous multiprocessor systems,Michael Cieslak,Snap Inc,Michael Cieslak,2019-05-30,2023-10-23,2024-02-08,,https://patentimages.storage.googleapis.com/91/a0/a4/daf582feb98908/US20240045727A1.pdf,https://patents.google.com/patent/US20240045727A1/en,", wherein the heterogeneous multiprocessor system is further configured to <b>assign</b> the processor core type based on the match with the predetermined values by assigning a first determined processor core type to the first processor core and a second determined processor core type to the second &hellip;"
US20240046516A1,A1,application,snap_filed, Estimating 3d scene representations of images,Titas Anciukevicius,Snap Inc|Snap Group,Titas Anciukevicius,2022-08-01,2023-07-31,2024-02-08,,https://patentimages.storage.googleapis.com/6e/d5/a7/758a56d605a2d9/US20240046516A1.pdf,https://patents.google.com/patent/US20240046516A1/en,"&hellip;  which takes a great deal of time and effort. Some systems discover such a decomposition automatically but rely on spatial mixtures to <b>assign</b> each point in space to an object without any explicit, controllable representation of object 3D positions, and therefore provide no control of a 3D scene."
US20240062752A1,A1,application,snap_filed, Grouping similar words in a language model,Snap Inc.,Snap Inc,Jackie Assa,2022-08-22,2022-08-22,2024-02-22,,https://patentimages.storage.googleapis.com/cb/15/e4/3e6c48388a2cdc/US20240062752A1.pdf,https://patents.google.com/patent/US20240062752A1/en,"Systems and methods are provided for performing automated speech recognition. The systems and methods access a LM that includes a plurality of n-grams, each of the plurality of n-grams comprising a respective sequence of words and corresponding LM score and receive a list of words associated with &hellip;"
US20240069626A1,A1,application,snap_filed, Timelapse re-experiencing system,Snap Inc.,Snap Inc,Rajan Vaish,2022-08-31,2022-08-31,2024-02-29,,https://patentimages.storage.googleapis.com/a8/cf/02/5f1eab889c4b9c/US20240069626A1.pdf,https://patents.google.com/patent/US20240069626A1/en,"A system captures via one or more sensors of a computing device, data of an environment observed by the one or more sensors at a first timeslot, and stores the data in a data store as a first portion of a timelapse memory experience. The system also captures, via the one or more sensors of a &hellip;"
US20240069708A1,A1,application,snap_filed, Collaborative interface element within a virtual conferencing system,Snap Inc.,Snap Inc,Andrew Cheng-min Lin,2022-08-31,2022-08-31,2024-02-29,,https://patentimages.storage.googleapis.com/5d/5a/0b/ee166d571d335f/US20240069708A1.pdf,https://patents.google.com/patent/US20240069708A1/en,"Aspects of the present disclosure involve a system comprising a computer-readable storage medium storing a program and method for providing a collaborative interface element within a virtual conferencing system. The program and method provide, in association with designing a room, a first &hellip;"
US20240070044A1,A1,application,snap_filed, Staged release of updates with anomaly monitoring,Snap Inc.,Snap Inc,Michael Cieslak,2019-04-24,2023-11-03,2024-02-29,,https://patentimages.storage.googleapis.com/26/5f/13/73ef951fdb4429/US20240070044A1.pdf,https://patents.google.com/patent/US20240070044A1/en,", wherein the uninstalled feature comprises a plurality of uninstalled features, and wherein the system further comprises functions to: <b>assign</b> a rank to each of the plurality of uninstalled features, wherein the function to activate the installation of an uninstalled feature further comprises &hellip;"
US20240071004A1,A1,application,snap_filed, Social memory re-experiencing system,Snap Inc.,Snap Inc,Rajan Vaish,2022-08-31,2022-08-31,2024-02-29,,https://patentimages.storage.googleapis.com/d7/45/d4/9ee5a5638e06ff/US20240071004A1.pdf,https://patents.google.com/patent/US20240071004A1/en,"A system monitors a user environment via one or more sensors included in a computing device and detects, via a trigger, that event data is stored in a data store based on the monitoring. The system further detects one or more participants in the event data and invites the one or more participants &hellip;"
US20240086396A1,A1,application,snap_filed, Automatically estimating place data accuracy,Snap Inc.,Snap Inc,Christopher Shughrue,2022-02-09,2023-11-15,2024-03-14,,https://patentimages.storage.googleapis.com/24/be/c0/072d29efb3815a/US20240086396A1.pdf,https://patents.google.com/patent/US20240086396A1/en,"Once various attributes or a set of attributes associated with certain weights are determined to have a level of accuracy that is greater than a threshold, the system can <b>assign</b> a high level of confidence to the geographical area and can present an indicator of the high level of confidence in the &hellip;"
US20240103708A1,A1,application,snap_filed, Providing bot participants within a virtual conferencing system,Snap Inc.,Snap Inc,Andrew Cheng-min Lin,2022-07-09,2023-12-08,2024-03-28,,https://patentimages.storage.googleapis.com/77/f7/92/9a7f9a4924b405/US20240103708A1.pdf,https://patents.google.com/patent/US20240103708A1/en,"Aspects of the present disclosure involve a system comprising a computer-readable storage medium storing a program and method for providing bot participants for virtual conferencing. The program and method provide, in association with designing a virtual space, a first interface for configuring &hellip;"
US20240104815A1,A1,application,snap_filed, Augmented expression system,Snap Inc.,Snap Inc,Chen Cao,2018-04-18,2023-12-04,2024-03-28,,https://patentimages.storage.googleapis.com/00/a4/ef/e9c13e4028f10c/US20240104815A1.pdf,https://patents.google.com/patent/US20240104815A1/en,"&hellip;  flattened presentation of the composite presentation, based on the image data and the 3D bitmoji. The user may <b>assign</b> or transmit the flattened presentation to one or more recipients (e.g., as a message or by adding the flattened presentation to a story associated with a user profile of the user). &hellip;"
US20240119678A1,A1,application,snap_filed, 9-dof object tracking,Snap Inc.,Snap Inc,Itamar Berger,2022-09-30,2022-09-30,2024-04-11,,https://patentimages.storage.googleapis.com/a6/9d/f8/7ad00dc2bc3bfe/US20240119678A1.pdf,https://patents.google.com/patent/US20240119678A1/en,Aspects of the present disclosure involve a system for presenting AR items. The system receives a video that includes a depiction of a real-world object in a real-world environment. The system generates a three-dimensional (3D) bounding box for the real-world object and stabilizes the 3D bounding &hellip;
US20240148296A1,A1,application,other_assignee, Management of psychiatric or mental conditions using digital reality with &hellip;,"BehaVR, LLC",Snap Inc,Roward Agulto,2022-10-13,2023-10-13,2024-05-09,,https://patentimages.storage.googleapis.com/f3/e8/1e/a8926ccfde2e84/US20240148296A1.pdf,https://patents.google.com/patent/US20240148296A1/en,"Systems, methods, and devices for implementing cognitive behavioral therapy to help a subject to manage a psychiatric or mental condition of the subject are provided. Interactive digital reality (DR) activities are provided through an interactive DR scene, each configured for a subject to practice &hellip;"
US20240153049A1,A1,application,snap_filed, Location mapping for large scale augmented-reality,Snap Inc.,Snap Inc,Richard McCormack,2020-03-27,2024-01-17,2024-05-09,,https://patentimages.storage.googleapis.com/a0/82/e1/4db120700ec095/US20240153049A1.pdf,https://patents.google.com/patent/US20240153049A1/en,"&hellip;  location data of the data object. For example, the point cloud module 306 may <b>assign</b> the point cloud to a geo-fence that encompasses a location. In some embodiments, assigning the point cloud to a location may include aligning the point cloud with a location based on landmarks within the location. &hellip;"
US20240205036A1,A1,application,snap_filed, Shared augmented reality experience in video chat,Snap Inc.,Snap Inc,Nathan Richard Banks,2022-04-25,2024-02-27,2024-06-20,,https://patentimages.storage.googleapis.com/2f/ac/eb/02ba6b2335b81e/US20240205036A1.pdf,https://patents.google.com/patent/US20240205036A1/en,"Methods and systems are disclosed for performing operations for providing a shared augmented reality experience in a video chat. A video chat can be established between a plurality of client devices. During the video chat, videos of users associated with the client devices can be displayed. During &hellip;"
US20240220830A1,A1,application,snap_filed, Neighborhood-based link prediction for recommendation systems,Hao-Ming Fu,Snap Inc,Hao-Ming Fu,2022-12-29,2022-12-29,2024-07-04,,https://patentimages.storage.googleapis.com/9d/51/f7/0ca467ea88b6aa/US20240220830A1.pdf,https://patents.google.com/patent/US20240220830A1/en,A recommendation system implements a linkage (connectivity) score learning algorithm for user-item interaction bipartite graphs that is combined with a lightweight iterative degree update process in the bipartite graph where the degrees used in the scoring formula are updated several times to &hellip;
US20240243937A1,A1,application,snap_filed, Configuring 360-degree video within a virtual conferencing system,Snap Inc.,Snap Inc,Andrew Cheng-min Lin,2021-09-30,2024-03-29,2024-07-18,,https://patentimages.storage.googleapis.com/35/66/2a/2b7f18781f35e8/US20240243937A1.pdf,https://patents.google.com/patent/US20240243937A1/en,"Aspects of the present disclosure involve a system comprising a computer-readable storage medium storing a program and method for configuring 360-degree video within a virtual conferencing system. The program and method provide, in association with designing a room for virtual conferencing, a &hellip;"
US20240249318A1,A1,application,snap_filed, Determining user intent from chatbot interactions,Evan Spiegel,Snap Inc|Snapchat Inc,Evan Spiegel,2023-01-24,2024-01-23,2024-07-25,,https://patentimages.storage.googleapis.com/f6/6f/5e/213d9cae3de1c8/US20240249318A1.pdf,https://patents.google.com/patent/US20240249318A1/en,A system and method for determining user intent and providing targeted advertising using chatbot interactions is disclosed. The system receives user prompts during chat sessions with a chatbot and generates responses using a large language model. User intent is extracted by analyzing the chat &hellip;
US20240267344A1,A1,application,snap_filed, Chatbot for interactive platforms,William Spencer Mulligan,Snap Inc,William Spencer Mulligan,2023-02-06,2024-02-05,2024-08-08,,https://patentimages.storage.googleapis.com/e7/2d/52/24dbd414aaadfc/US20240267344A1.pdf,https://patents.google.com/patent/US20240267344A1/en,"A chatbot system for filtering conversation content. A chatbot system receives, from a client system, a prompt of a user during an interactive session. The chatbot system filters the prompt of the user based on a set of platform policies and generates a response based on the filtering of the &hellip;"
US20240273613A1,A1,application,snap_filed, Browsing-based augmented reality try-on experience,Snap Inc.,Snap Inc,Matan Zohar,2023-02-09,2023-02-09,2024-08-15,,https://patentimages.storage.googleapis.com/dc/04/0c/62314dd85ec5b5/US20240273613A1.pdf,https://patents.google.com/patent/US20240273613A1/en,"Aspects of the present disclosure involve a system for providing a browsing-based augmented reality (AR) try-on experience. The system displays a graphical user interface (GUI) comprising a set of fashion items. The system receives a real-time video feed from a camera of the device, the real-time &hellip;"
US20240282058A1,A1,application,snap_filed, Generating user interfaces displaying augmented reality graphics,Snap Inc.,Snap Inc,Sharon Moll,2023-02-21,2023-02-21,2024-08-22,,https://patentimages.storage.googleapis.com/44/f0/0f/82eff04be3b2de/US20240282058A1.pdf,https://patents.google.com/patent/US20240282058A1/en,An Augmented Reality (AR) graphics system is provided. The AR graphics system may coordinate the display of augmented reality graphics created by multiple users located in an environment. The AR graphics system may determine an alignment object located in the environment that is designated as a &hellip;
US20240296640A1,A1,application,snap_filed, Applying pregenerated virtual experiences in new location,Snap Inc.,Snap Inc,Gal Dudovitch,2022-06-23,2024-05-15,2024-09-05,,https://patentimages.storage.googleapis.com/ab/dc/69/4cfe5977189e03/US20240296640A1.pdf,https://patents.google.com/patent/US20240296640A1/en,"Aspects of the present disclosure involve a system for providing virtual experiences. The system performs operations including selecting, by a messaging application, a virtual experience that represents a previously captured real-world environment at a first location; accessing an image &hellip;"
US20240331265A1,A1,application,snap_filed, Semantic texture mapping system,Snap Inc.,Snap Inc,Piers George Cowburn,2019-04-01,2024-06-11,2024-10-03,,https://patentimages.storage.googleapis.com/96/fd/35/6e0d1df1d8abf6/US20240331265A1.pdf,https://patents.google.com/patent/US20240331265A1/en,"A semantic texture map system to generate a semantic texture map based on a 3D model that comprises a plurality of vertices that include coordinate that indicate positions of the plurality of vertices, a UV map, and a semantic segmentation image that comprises a set of semantic labels."
US20240353976A1,A1,application,snap_filed, Ranking augmented reality content based on messaging contacts,Snap Inc.,Snap Inc,Mariya Apanovych,2020-03-26,2024-07-02,2024-10-24,,https://patentimages.storage.googleapis.com/8e/56/b8/9c7f8b499b5101/US20240353976A1.pdf,https://patents.google.com/patent/US20240353976A1/en,"Aspects of the present disclosure involve ranking augmented reality content. The program and method provide for receiving, by a messaging application, a request from a first user to compose a message for sending to a preselected second user, the message being configured to include an image &hellip;"
US20240354836A1,A1,application,snap_filed, Vr-based connected portal shopping,Snap Inc.,Snap Inc,Itamar Berger,2021-05-19,2024-07-01,2024-10-24,,https://patentimages.storage.googleapis.com/99/95/12/14822706e21a1e/US20240354836A1.pdf,https://patents.google.com/patent/US20240354836A1/en,Aspects of the present disclosure involve a system comprising a computer-readable storage medium storing programs and methods for performing operations comprising: receiving a request from a client device of a first user to engage in a shared virtual reality shopping experience with a second user;
US20240356879A1,A1,application,snap_filed, Contextual generation and selection of customized media content,Snap Inc.,Snap Inc,Jacob Edward Blackstock,2017-01-09,2024-07-01,2024-10-24,,https://patentimages.storage.googleapis.com/f1/ce/bf/61b29d626d738b/US20240356879A1.pdf,https://patents.google.com/patent/US20240356879A1/en,"Among other things, embodiments of the present disclosure improve the functionality of electronic messaging software and systems by generating and selecting customized media content items (such as images) with avatars of different users within electronic messages based on the context of &hellip;"
US20240370159A1,A1,application,snap_filed, Augmented reality mood board,Snap Inc.,Snap Inc,Luke Cartwright,2023-05-04,2023-05-04,2024-11-07,,https://patentimages.storage.googleapis.com/e6/ea/69/f9d21b1e0cfdfe/US20240370159A1.pdf,https://patents.google.com/patent/US20240370159A1/en,"&hellip;  this context an “augmented reality effect” comprises the collection of data, parameters, and other assets used to apply a selected augmented reality experience to an image or a video feed. In some examples, augmented reality effects are provided by <b>Snap, Inc</b>. under the registered trademark LENSES."
US20240393887A1,A1,application,snap_filed, Micro hand gestures for controlling virtual and graphical elements,Snap Inc.,Snap Inc,Ilteris Canberk,2020-12-29,2024-08-08,2024-11-28,,https://patentimages.storage.googleapis.com/92/79/5d/7ec3653a083039/US20240393887A1.pdf,https://patents.google.com/patent/US20240393887A1/en,"<b>assign</b> a display order to the series of virtual elements; and present on the display the next virtual element according to the display order. 10 . The system of claim 8 , wherein the execution of the programming further configures the eyewear device to: <b>assign</b> a display order to the series of virtual &hellip;"
US20240404142A1,A1,application,snap_filed, Presentation of media content as memories,Snap Inc.,Snap Inc,Nathan Kenneth Boyd,2023-06-02,2023-06-02,2024-12-05,,https://patentimages.storage.googleapis.com/c9/37/8c/66088ba6e1c2be/US20240404142A1.pdf,https://patents.google.com/patent/US20240404142A1/en,retrieve a second set of media content captured by the interaction client included in the client device; <b>assign</b> the first set of media content a first ranking value; <b>assign</b> the second set of media content a second ranking value; create a first visual representation of the first set of media content &hellip;
US20240406477A1,A1,application,snap_filed, Machine learning model continuous training system,Snap Inc.,Snap Inc,Kevin Sarabia Dela Rosa,2023-05-31,2023-05-31,2024-12-05,,https://patentimages.storage.googleapis.com/7d/80/aa/848cc7684d513d/US20240406477A1.pdf,https://patents.google.com/patent/US20240406477A1/en,"Described is a system for performing a set of machine learning model training operations that include: accessing media content items associated with interaction functions initiated by users of an interaction system, generating training data including labels for the media content items, extracting &hellip;"
US20240420407A1,A1,application,snap_filed, Autodecoding latent 3d diffusion models,Snap Inc.,Snap Inc,Evangelos Ntavelis,2023-06-16,2023-06-16,2024-12-19,,https://patentimages.storage.googleapis.com/87/e6/d9/44d20fcbcb38e4/US20240420407A1.pdf,https://patents.google.com/patent/US20240420407A1/en,"having two generative components, G 1 112 and G 2 114 . The autodecoder 110 learns to <b>assign</b> each training set object a 1D embedding 120 that is processed by G 1 into a latent volumetric space 130 . Features of the latent volumes generated by G 1 112 may be normalized into the same range by robust &hellip;"
US20240428470A1,A1,application,snap_filed, Similar content augmentations system,Snap Inc.,Snap Inc,Kevin Sarabia Dela Rosa,2023-06-21,2023-06-21,2024-12-26,,https://patentimages.storage.googleapis.com/fa/6a/a1/e27cff8170d1b4/US20240428470A1.pdf,https://patents.google.com/patent/US20240428470A1/en,"Described is a system for identifying content augmentations based on an interaction function initiated by a user by determining an initiation of an interaction function from a first user of an interaction system, processing data associated with the interaction function using a first machine &hellip;"
US20250053443A1,A1,application,snap_filed, Deadlock-free scheduling of a task graph on a multi-core processor,Snap Inc.,Snap Inc|Snap Group,Cornelis Hermanus Van Berkel,2021-12-23,2022-12-22,2025-02-13,,https://patentimages.storage.googleapis.com/ac/c3/03/ac110613d00e42/US20250053443A1.pdf,https://patents.google.com/patent/US20250053443A1/en,"In this connection it is further observed that for a cyclic graph it is not possible to <b>assign</b> edge and node priorities in the same way as for an acyclic graph. In particular, this applies to the requirement of the acyclic graph that the priority assigned to each edge exceeds the priority of the &hellip;"
US20250055823A1,A1,application,snap_filed, Automatic ranking and display of user groups in a messaging system,Snap Inc.,Snap Inc,Isabelle Albi,2023-08-07,2024-08-07,2025-02-13,,https://patentimages.storage.googleapis.com/81/22/79/13129b57b6f6c2/US20250055823A1.pdf,https://patents.google.com/patent/US20250055823A1/en,"” The groups may be displayed with graphical icons that indicate their status as top groups. Users can customize the icon for a top group by providing inputs to select and <b>assign</b> a graphical icon to the “Top Groups” region. In some embodiments, the system displays the top groups in a section above &hellip;"
US20250061314A1,A1,application,snap_filed, Neuron core synchronization,Snap Inc.,Snap Inc|Snap Group,Orlando Miguel Pires Dos Reis Moreira,2021-12-22,2022-12-22,2025-02-20,,https://patentimages.storage.googleapis.com/35/11/f5/88caf05cc4061b/US20250061314A1.pdf,https://patents.google.com/patent/US20250061314A1/en,&hellip;  destination batches of the destination neural network layer. The event-based neural network processor is configured to dynamically <b>assign</b> the temporary storage space of each neural network layer to two or more batches of neural network elements organized logically in said each neural network layer. &hellip;
US20250078428A1,A1,application,snap_filed, Character and costume assignment for co-located users,Daekun Kim,Snap Inc,Daekun Kim,2022-09-01,2024-11-18,2025-03-06,,https://patentimages.storage.googleapis.com/2e/74/85/9dfda51c99035f/US20250078428A1.pdf,https://patents.google.com/patent/US20250078428A1/en,17 . A non-transitory computer-readable storage medium that stores instructions that when executed by at least one processor cause the at least one processor to <b>assign</b> a character to at least one participant in a multi-party augmented reality (AR) session by performing operations including:
US20250085783A1,A1,application,snap_filed, Virtual manipulation of augmented and virtual reality objects,Snap Inc.,Snap Inc,Mason Spong,2023-09-07,2023-09-07,2025-03-13,,https://patentimages.storage.googleapis.com/3c/fc/96/80b053f24650a4/US20250085783A1.pdf,https://patents.google.com/patent/US20250085783A1/en,"Systems and methods are provided. For example, a method includes determining a position of a user&#39;s hand and identifying a manipulation gesture performed by the user targeting a virtual object. The method also includes determining a three-dimensional (3D) origin point based on the position of the &hellip;"
US20250097376A1,A1,application,snap_filed, Selective identification and order of image modifiers,Snap Inc.,Snap Inc,Ebony James Charlton,2016-11-07,2024-12-03,2025-03-20,,https://patentimages.storage.googleapis.com/b4/7b/26/0ca1bdee2cc02c/US20250097376A1.pdf,https://patents.google.com/patent/US20250097376A1/en,"Systems, devices, media and methods are presented for presentation of modified objects within a video stream. The systems and methods select an object of interest depicted within a user interface based on an associated image modifier, determine a modifier context based at least in part on one or &hellip;"
US20250110547A1,A1,application,snap_filed, Bending-assisted calibration for extended reality tracking,Thomas Faeulhammer,Snap Inc,Thomas Faeulhammer,2023-09-29,2023-09-29,2025-04-03,,https://patentimages.storage.googleapis.com/a4/1a/07/f0cb7d211debea/US20250110547A1.pdf,https://patents.google.com/patent/US20250110547A1/en,"Bending data is used to facilitate tracking operations of an extended reality (XR) device, such as hand tracking or other object tracking operations. The XR device obtains bending data indicative of bending of the XR device to accommodate a body part of a user wearing the XR device. The XR device &hellip;"
US20250150414A1,A1,application,snap_filed, Chatbot response system,Snap Inc.,Snap Inc|Snap Group,Aliaksei Mikhailiuk,2023-11-08,2023-11-08,2025-05-08,,https://patentimages.storage.googleapis.com/5f/7b/10/dcc16cb37149b8/US20250150414A1.pdf,https://patents.google.com/patent/US20250150414A1/en,A computer-implemented method and system for responding to user posts containing images with relevant image responses during conversation between a user and a chatbot. The system receives an image post from the user and generates a description of the image using an image-to-text model. User intent &hellip;
US20250190483A1,A1,application,snap_filed, Automated local story generation and curation,Snap Inc.,Snap Inc|Snapchat Inc,Maria Pavlovskaia,2015-05-05,2025-02-20,2025-06-12,,https://patentimages.storage.googleapis.com/e5/f9/ec/6ca8b2cb4e75a1/US20250190483A1.pdf,https://patents.google.com/patent/US20250190483A1/en,"&hellip;  to users that are very close to this location. Rather than making the story available to all users within a larger geographic area, the system may automatically <b>assign</b> an area to the story, and may make the story available only to users in the area that was generated and assigned for that story."
US20250193200A1,A1,application,snap_filed, Collaborative public user profile,Snap Inc.,Snap Inc,Trevor Denton,2018-09-28,2025-01-07,2025-06-12,,https://patentimages.storage.googleapis.com/65/e1/84/212a31f348fb25/US20250193200A1.pdf,https://patents.google.com/patent/US20250193200A1/en,A system to generate a graphical user interface to display a presentation of a set of shared user groups between users of a social networking service is described. Embodiments of the present disclosure relate generally to systems for: receiving an identification of a second user from a user &hellip;
US20250209079A1,A1,application,snap_filed, Surfacing augmented reality objects,Snap Inc.,Snap Inc,Jennica Pounds,2019-12-30,2025-03-06,2025-06-26,,https://patentimages.storage.googleapis.com/98/51/80/98b3261ade8d0d/US20250209079A1.pdf,https://patents.google.com/patent/US20250209079A1/en,"PRIORITY CLAIM This application is a continuation of U.S. patent application Ser. No. 18/582,831, filed Feb. 21, 2024, which is a continuation of U.S. patent application Ser. No. 17/878,716, filed Aug. 1, 2022, which is a continuation of U.S. patent application Ser. No. 16/729,775, filed on Dec."
US20250217159A1,A1,application,snap_filed, Message-based processing with assignment of neural network layers to processor &hellip;,Snap Inc.,Snap Inc,Lennart BAMBERG,2020-07-24,2025-02-27,2025-07-03,,https://patentimages.storage.googleapis.com/36/44/98/f3b476fce33d8f/US20250217159A1.pdf,https://patents.google.com/patent/US20250217159A1/en,"Systems and methods described herein relate to a multi-processor system for processing neural networks. The multi-processor system includes multiple processor clusters, each comprising processor cluster elements, with neural network layers assigned to one or more processor clusters. In response to &hellip;"
US20250218087A1,A1,application,snap_filed, Generating modified user content that includes additional text content,Snap Inc.,Snap Inc,Nathan Kenneth Boyd,2021-03-31,2025-03-19,2025-07-03,,https://patentimages.storage.googleapis.com/14/a8/ef/2fc5df9bd5782d/US20250218087A1.pdf,https://patents.google.com/patent/US20250218087A1/en,"In one or more implementations, user content items generated using a client application may be shared with users that are not contacts of the user within the client application. A user interface that indicates a number of recipients of the user content item may be generated that also includes a &hellip;"
US20250259405A1,A1,application,snap_filed, 3d mask generation,Snap Inc.,Snap Inc,Sergei Korolev,2024-02-08,2024-02-08,2025-08-14,,,https://patents.google.com/patent/US20250259405A1/en,A three-dimensional (3D) trainable mask is geometrically adjusted based on two-dimensional (2D) images of a target image. The 3D trainable mask is applied to a face of a user within an image. Example methods include rendering a trainable three-dimensional (3D) mask to generate a two-dimensional ( &hellip;
US20250259463A1,A1,application,snap_filed, Vision-to-text pairwise model for content tagging using an interest graph,Snap Inc.,Snap Inc,Jason Brewer,2024-02-08,2024-02-08,2025-08-14,,,https://patents.google.com/patent/US20250259463A1/en,"&hellip;  example in the training dataset consisting of a visual content (e.g., an image or video) paired with text from an interest category from the interest graph. The model learns to predict if the content-text pair exhibits a semantic match, without needing to <b>assign</b> the content to a single class. Once &hellip;"
US20250284900A1,A1,application,snap_filed, Sign language interpretation with collaborative agents,Snap Inc.,Snap Inc,Kai Zhou,2022-10-17,2025-05-21,2025-09-11,,,https://patents.google.com/patent/US20250284900A1/en,"A method for recognizing sign language using collaborative augmented reality devices is described. In one aspect, a method includes accessing a first image generated by a first augmented reality device and a second image generated by a second augmented reality device, the first image and the &hellip;"
US20250316035A1,A1,application,snap_filed, Generating 3d data in a messaging system,Snap Inc.,Snap Inc,Kyle Goodrich,2019-08-28,2025-06-19,2025-10-09,,,https://patents.google.com/patent/US20250316035A1/en,"claim 1 , wherein generating the segmentation mask comprises: using a convolutional neural network to perform dense prediction tasks where a prediction is made for every pixel to <b>assign</b> the pixel to a particular object class; and determining the segmentation mask based on groupings of classified &hellip;"
US20250322597A1,A1,application,snap_filed, Multifocal assembly for extended reality devices,Snap Inc.,Snap Inc,Alexander Plopski,2024-04-16,2024-04-16,2025-10-16,,,https://patents.google.com/patent/US20250322597A1/en,"determine a presentation distance associated with the virtual object; <b>assign</b>, based on the presentation distance, the first focus distance to the virtual object; and in response to the assignment of the first focus distance to the virtual object, cause the virtual object to be rendered in the first &hellip;"
US20250328929A1,A1,application,snap_filed, Media preview system,Snap Inc.,Snap Inc,Omer Cansizoglu,2017-09-21,2025-06-30,2025-10-23,,,https://patents.google.com/patent/US20250328929A1/en,"In further embodiments, the media preview system may <b>assign</b> a request limit to the coded image, such that the preview of the media content may only be accessed by scanning the coded image a predefined number of times (e.g., 50 scans). In such embodiments, the media preview system may increment a &hellip;"
US20250331770A1,A1,application,snap_filed, Remote detection of human movement signals,Shimon Hayun,Snap Inc,Shimon Hayun,2024-04-25,2024-04-25,2025-10-30,,,https://patents.google.com/patent/US20250331770A1/en,"Methods and systems are disclosed for collecting EMG speech signals using a speech signal detection device. The methods and systems collect, by a speech signal detection device worn by a first person, a combination of signals comprising electromyograph (EMG) data signals and one or more non-EMG &hellip;"
US20250343802A1,A1,application,snap_filed, User contact control in a network application,Snap Inc.,Snap Inc,Rudd Fawcett,2023-01-18,2025-07-15,2025-11-06,,,https://patents.google.com/patent/US20250343802A1/en,"Additional controls and features may be added depending on the app, the client device, the net service and so forth. User interface windows may be implemented for different devices and functions, such as to identify users by criteria or <b>assign</b> groups of users to specific apps. Some examples provide &hellip;"
US20250348518A1,A1,application,snap_filed," Systems, devices, and methods for content selection",Snap Inc.,Snap Inc|Snapchat Inc,Jason Brewer,2017-07-31,2025-07-18,2025-11-13,,,https://patents.google.com/patent/US20250348518A1/en,"CROSS REFERENCE TO RELATED APPLICATIONS This application is a continuation of U.S. patent application Ser. No. 18/643,404, filed on Apr. 23, 2024, which is a continuation of U.S. patent application Ser. No. 17/522,080, filed on Nov. 9, 2021, which is a continuation of U.S. patent application Ser."
US20250349040A1,A1,application,snap_filed, Personalized image generation using combined image features,Snap Inc.,Snap Inc,Kfir Aberman,2024-05-09,2024-05-09,2025-11-13,,,https://patents.google.com/patent/US20250349040A1/en,Examples described herein relate to personalized image generation using combined image features. A plurality of input images is provided by a user of an interaction application. Each of the plurality of input images depicts at least part of a subject. Each input image is encoded to obtain an &hellip;
US20250355953A1,A1,application,snap_filed, Audience filtering system,Snap Inc.,Snap Inc,Mehrdad Jahangiri,2018-02-28,2025-07-30,2025-11-20,,,https://patents.google.com/patent/US20250355953A1/en,"A user of the audience filtering system provides a user input that defines a set of attribute values of a set of user attributes. In some embodiments, the user may additionally provide Boolean operators to <b>assign</b> to the set of attribute values defined by the user input. In response to receiving the &hellip;"
US20260003473A1,A1,application,snap_filed, User classification based notification,Snap Inc.,Snap Inc,Nathan Kenneth Boyd,2020-05-26,2025-06-30,2026-01-01,,,https://patents.google.com/patent/US20260003473A1/en,"As an illustrative example, in certain embodiments, a frequency or rate in which bidirectional communications (i.e., messages) are exchanged between a user and one or more of the users among the list of user connections may be a factor in determining what classification to <b>assign</b> to a user &hellip;"
US20260011027A1,A1,application,snap_filed, Spatial scanning for extended reality,Snap Inc.,Snap Inc,Tomasz Zakrzewski,2023-03-15,2025-09-10,2026-01-08,,,https://patents.google.com/patent/US20260011027A1/en,"An extended Reality (XR) system that provides services for determining 3D data of physical objects in a real-world scene. The XR system receives a request from an application to initiate a spatial scan of a real-world scene. In response, the XR system captures video frame data of the real-world &hellip;"
US20260017859A1,A1,application,snap_filed, Avatar based ideogram generation,Snap Inc.,Snap Inc,Artem Bondich,2016-06-30,2025-07-22,2026-01-15,,,https://patents.google.com/patent/US20260017859A1/en,"Systems, devices, media, and methods are presented for generating ideograms from a set of images received in an image stream. The systems and methods detect at least a portion of a face within the image and identify a set of facial landmarks within the portion of the face. The systems and methods &hellip;"
US20260032333A1,A1,application,snap_filed, Providing a template for media content generation,Snap Inc.,Snap Inc,Matthew Mahar,2023-07-31,2025-10-01,2026-01-29,,,https://patents.google.com/patent/US20260032333A1/en,"providing display of a camera interface on a second device associated with a second user, the camera interface for capturing real-time image data and including a first element which is user selectable by the second user to access a template interface for the second user to <b>assign</b> a respective video &hellip;"
US20260037653A1,A1,application,snap_filed, Selective collaborative object access based on timestamp,Snap Inc.,Snap Inc,Youjean Cho,2022-08-31,2025-10-13,2026-02-05,,,https://patents.google.com/patent/US20260037653A1/en,"3 . The server of claim 1 , wherein the processor is configured to: receive a time period from one of the plurality of users; and <b>assign</b> the time period as a collaboration period of the session when the users can edit the collaborative object. 4 . The server of claim 1 , wherein the processor is &hellip;"
US20260044557A1,A1,application,snap_filed, Context based media curation,Snap Inc.,Snap Inc,Kaveh Anvaripour,2019-03-29,2025-10-15,2026-02-12,,,https://patents.google.com/patent/US20260044557A1/en,"A media curation system configured to perform operations that include, capturing an image at a client device, wherein the image includes a depiction of an object, identifying an object category of the object based on the depiction of the object within the image, accessing media content associated &hellip;"
US20260046264A1,A1,application,snap_filed, Quotable stories and stickers for messaging applications,Snap Inc.,Snap Inc,Christie Marie Heikkinen,2022-12-30,2025-10-23,2026-02-12,,,https://patents.google.com/patent/US20260046264A1/en,"A system includes one or more hardware processors and at least one memory storing instructions that cause the one or more hardware processors to perform operations including receiving, via a client device, one or more response messages to a question sticker or to a story, and selecting, via the &hellip;"
US20260057408A1,A1,application,snap_filed, Content-based incentive program within messaging system,Snap Inc.,Snap Inc,Jacob Catalano,2021-12-30,2025-10-28,2026-02-26,,,https://patents.google.com/patent/US20260057408A1/en,"Aspects of the present disclosure involve a system comprising a computer-readable storage medium storing a program and method for providing a content-based incentive program. The program and method provide for receiving, from a device, a request for submitting a media content item to a content &hellip;"
US20260057812A1,A1,application,snap_filed, Adjusting performance of parallel augmented reality experiences,Snap Inc.,Snap Inc,John James Robertson,2024-08-26,2024-08-26,2026-02-26,,,https://patents.google.com/patent/US20260057812A1/en,"Systems, methods, and computer readable media for power and temperature attribution on mobile devices. Example methods include launching a native augmented reality (AR) application together with an external AR application on the user system. The example methods include determining that usage of &hellip;"
US20260072516A1,A1,application,snap_filed, Non-dominant hand gestures to control microphone input on head-wearable device,Snap Inc.,Snap Inc,Viktoria Hwang,2024-09-09,2024-09-09,2026-03-12,,,https://patents.google.com/patent/US20260072516A1/en,"A head-wearable device may provide an eXtended Reality (XR) experience that allows the user to control certain aspects of the experience with their hands. Specifically, one of the user&#39;s hands will be delineated as the dominant hand, while the other hand will be delineated as the non-dominant hand &hellip;"
US20260073280A1,A1,application,snap_filed, Automatic image generation using quantized models,Snap Inc.,Snap Inc,Junli Cao,2024-09-09,2024-09-09,2026-03-12,,,https://patents.google.com/patent/US20260073280A1/en,"Described is a system performing operations comprising deriving, based on an evaluation of variations of a first machine learning model, a second machine learning model, the second machine learning model having layers with precisions assigned based on the evaluation, training the second machine &hellip;"
US20260073552A1,A1,application,snap_filed, Adaptive posegraph-based localization,Snap Inc.,Snap Inc,Markus Diem,2024-09-09,2024-09-09,2026-03-12,,,https://patents.google.com/patent/US20260073552A1/en,"In some examples, the posegraph optimization system 214 may <b>assign</b> confidence values to different types of observations and uses optimization techniques like Bundle Adjustment to refine the posegraph and minimize accumulated errors. After processing and optimizing the posegraph, the system may send &hellip;"
US20260075391A1,A1,application,snap_filed, Non-textual communication and user states management,Snap Inc.,Snap Inc,Andrés Monroy-Hernández,2019-09-06,2025-11-12,2026-03-12,,,https://patents.google.com/patent/US20260075391A1/en,"For example, if weather data indicates today is sunny, the state system may <b>assign</b> a score (e.g., 0.1) to the happy state, but may <b>assign</b> a score 0 to sad, at home, or activity state of the user. In another example, if the user state system determines the user is at home, the system may <b>assign</b> a &hellip;"
US20260080633A1,A1,application,snap_filed, Depth estimation using odometry and hand tracking,Snap Inc.,Snap Inc,Georgios Evangelidis,2024-09-16,2024-10-30,2026-03-19,,,https://patents.google.com/patent/US20260080633A1/en,"&hellip;  this context an “augmented reality effect” comprises the collection of data, parameters, and other assets used to apply a selected augmented reality experience to an image or a video feed. In some examples, augmented reality effects are provided by <b>Snap, Inc</b>. under the registered trademark LENSES."
US20260099865A1,A1,application,snap_filed, Chatbot recommendations from conversation context,Snap Inc.,Snap Inc,Tyrone Ahmad-Taylor,2023-08-17,2025-12-11,2026-04-09,,,https://patents.google.com/patent/US20260099865A1/en,"A system and method for facilitating natural language conversations between customers and vendors for product purchases is provided. The system ingests product catalogs from vendors, normalizes the data, and provides a conversational interface for customers to query the catalogs. In some examples, &hellip;"
US20260105496A1,A1,application,snap_filed," Generation, curation, and presentation of media collections with automated &hellip;",Snap Inc.,Snap Inc,Jacob Andreou,2016-06-28,2025-12-16,2026-04-16,,,https://patents.google.com/patent/US20260105496A1/en,"Systems, devices, media, instructions, and methods for computer based automated content generation, curation, and presentation are described. In one embodiment a content collection is generated with a first continuous presentation group by associating a first content element from a first content &hellip;"
US20260127877A1,A1,application,snap_filed, Shared augmented reality system,Snap Inc.,Snap Inc,David Li,,2025-12-22,2026-05-07,,,https://patents.google.com/patent/US20260127877A1/en,"In some embodiments, the shared AR system may <b>assign</b> a user of the client device to a “team” responsive to detecting the client device associated with the user at a location. Detection of the client device at a location may be based on a geo-fence that encompasses the location, location data &hellip;"
US6105067A,A,application,other_assignee, Connection pool management for backend servers using common interface,International Business Machines Corp.,Snap Inc|Snapchat Inc,Virinder Mohan Batra,1998-06-05,1998-06-05,2000-08-15,2000-08-15,https://patentimages.storage.googleapis.com/a7/cf/87/c8b8e34101c68a/US6105067.pdf,https://patents.google.com/patent/US6105067A/en,"A technique, system, and computer program for enhancing performance of the computers in a Web environment. This is done by creating a pool of connections between a Web server and backend data servers, reducing the overhead required for accessing the data servers and enabling the applications &hellip;"
US6360273B1,B1,grant,other_assignee, Method for collaborative transformation and caching of web objects in a proxy &hellip;,International Business Machines Corporation,Snap Inc|Snapchat Inc,John Benjamin Beurket,1998-02-23,2000-06-23,2002-03-19,2002-03-19,https://patentimages.storage.googleapis.com/d5/3f/06/21051dfe426544/US6360273.pdf,https://patents.google.com/patent/US6360273B1/en,", based on the request composition, GPC node 202 can <b>assign</b> a set of proxies to handle the translation of each language. Each such set of proxies is referred to as a proxy cluster for its assigned language or simply a language cluster. In an exemplary embodiment of the present invention, proxies are &hellip;"
US6421767B1,B1,grant,other_assignee, Method and apparatus for managing a storage system using snapshot copy &hellip;,Storage Technology Corporation,Snap Group,Michael Steven Milillo,2000-02-23,2000-02-23,2002-07-16,2002-07-16,https://patentimages.storage.googleapis.com/69/a5/74/f89c617b31585d/US6421767.pdf,https://patents.google.com/patent/US6421767B1/en,"claim 35 , wherein the performing means comprises: initializing means for initializing a counter for each physical track within the <b>snap group</b>, wherein the <b>snap group</b> is unprocessed; reading means for reading a virtual track table entry for a virtual track within a set of virtual tracks within the &hellip;"
US6487601B1,B1,grant,other_assignee, Dynamic mac allocation and configuration,International Business Machines Corporation,Snap Inc|Snapchat Inc,Kenneth Hubacher,1999-09-30,1999-09-30,2002-11-26,2002-11-26,https://patentimages.storage.googleapis.com/3f/78/23/dcc5553c7660a8/US6487601.pdf,https://patents.google.com/patent/US6487601B1/en,A method and apparatus for Dynamic MAC Allocation and Configuration is based on the ability to remotely boot a client machine from a server machine and adds the capability to <b>assign</b> a Locally Administered Address (LAA) to override the Universally Administered Address (UAA). A set of programs at &hellip;
US6631463B1,B1,grant,other_assignee, Method and apparatus for patching problematic instructions in a microprocessor &hellip;,International Business Machines Corporation,Snap Inc|Snapchat Inc,Michael Stephen Floyd,1999-11-08,1999-11-08,2003-10-07,2003-10-07,https://patentimages.storage.googleapis.com/ad/12/33/d66d44b16702e9/US6631463.pdf,https://patents.google.com/patent/US6631463B1/en,"&hellip;  , filed on Nov. 4,1999; and “METHOD AND APPARATUS FOR IDENTIFYING INSTRUCTIONS FOR PERFORMANCE MONITORING IN A MICROPROCESSOR”, U.S. application Ser. No. 09/436,109, now U.S. Pat. No. 6,539,502, filed on Nov. 8, 1999; all of which are assigned to the same <b>assignee</b>. BACKGROUND OF THE INVENTION 1. &hellip;"
US6632741B1,B1,grant,other_assignee, Self-trimming method on looped patterns,International Business Machines Corporation,Snap Inc|Snapchat Inc,Lawrence A. Clevenger,2000-07-19,2000-07-19,2003-10-14,2003-10-14,https://patentimages.storage.googleapis.com/cf/a9/52/02cea44081df60/US6632741.pdf,https://patents.google.com/patent/US6632741B1/en,"CROSS-REFERENCE TO RELATED APPLICATION The present application is related to U.S. Pat. No. 6,399,447 B1, issued Jun. 4, 2002, to Clevenger et al., entitled “METHOD OF PRODUCING DYNAMIC RANDOM ACCESS MEMORY (DRAM) CELL WITH FOLDED BITLINE VERTICAL TRANSISTOR”, assigned to the present <b>assignee</b>, and &hellip;"
US6728756B1,B1,grant,other_assignee," Information processing method, collaboration server, collaboration system, and &hellip;",International Business Machines Corporation,Snap Inc|Snapchat Inc,Akira Ohkado,1999-06-16,2000-05-23,2004-04-27,2004-04-27,https://patentimages.storage.googleapis.com/cb/62/3d/270501f71728d7/US6728756.pdf,https://patents.google.com/patent/US6728756B1/en,"The script display section 147 is a component for displaying an explanation script to a customer. When a request to <b>assign</b> an agent is transmitted from the collaboration server 110 , the collaboration response section 149 displays a response button on the screen of an agent information terminal so &hellip;"
US6731257B2,B2,grant,other_assignee, Image quality improvement for liquid crystal displays,Brillian Corporation,Snap Inc,Matthias Pfeiffer,2001-01-22,2001-10-08,2004-05-04,2004-05-04,https://patentimages.storage.googleapis.com/dc/76/23/1700c39718a134/US6731257.pdf,https://patents.google.com/patent/US6731257B2/en,"&hellip;  values. It is contemplated and within the scope of the present invention that more or less than eight registers may be used to perform the divide-by-two operations. One implementation of the “divide-by-2” algorithm may be as follows. <b>Assign</b> the input video pixel stream to 8 registers, A through G:"
US6748425B1,B1,grant,other_assignee, System and method for browser creation and maintenance of forms,International Business Machines Corporation,Snap Inc|Snapchat Inc,Catherine M. Duffy,2000-01-04,2000-01-04,2004-06-08,2004-06-08,https://patentimages.storage.googleapis.com/92/e5/ee/41fd3084eb31ac/US6748425.pdf,https://patents.google.com/patent/US6748425B1/en,"No. 09/478,238, entitled “System and Method for Browser Definition of Workflow Documents”, are assigned to the same <b>assignee</b> hereof and contain subject matter related, in certain respect, to the subject matter of the present application. The above-identified patent applications are incorporated &hellip;"
US6985933B1,B1,grant,other_assignee, Method and system for increasing ease-of-use and bandwidth utilization in &hellip;,International Business Machines Corporation,Snap Inc|Snapchat Inc,Sandeep Kishan Singhal,2000-05-30,2000-05-30,2006-01-10,2006-01-10,https://patentimages.storage.googleapis.com/02/dc/37/614b65c75c5564/US6985933.pdf,https://patents.google.com/patent/US6985933B1/en,"CROSS-REFERENCE TO RELATED APPLICATIONS The present invention is related to co-pending U.S. patent application Ser. No. 09/585,231 entitled “Method And System For Increasing Ease-Of-Use And Bandwidth Utilization In A Wireless Device,” which is assigned to the <b>assignee</b> of the present application &hellip;"
US7237002B1,B1,grant,other_assignee, System and method for dynamic browser management of web site,International Business Machines Corporation,Snap Inc|Snapchat Inc,Julio Estrada,2000-01-04,2000-01-04,2007-06-26,2007-06-26,https://patentimages.storage.googleapis.com/b5/89/56/a6f619150c7336/US7237002.pdf,https://patents.google.com/patent/US7237002B1/en,"4, 2000 entitled “System and Method for Browser Definition of Workflow Documents”; are assigned to the same <b>assignee</b> hereof and contain subject matter related, in certain respect, to the subject matter of the present application. The above-identified patent applications are incorporated herein by &hellip;"
US7295657B1,B1,grant,other_assignee, Automated selection of a backup recipient and distribution of an instant &hellip;,International Business Machines Corporation,Snap Inc|Snapchat Inc,Susann Marie Keohane,2004-12-07,2004-12-07,2007-11-13,2007-11-13,https://patentimages.storage.googleapis.com/d3/75/9d/3c52d17cab1962/US7295657B1.pdf,https://patents.google.com/patent/US7295657B1/en,"A method, system, and program for automated selection of a backup recipient and distribution of an instant messaging request to the backup recipient are provided. A communication support system detects a messaging request initiated by a requester for an intended recipient. The communication &hellip;"
US7298831B1,B1,grant,other_assignee, Automated distribution of an instant messaging request for an unavailable &hellip;,International Business Machines Corporation,Snap Inc|Snapchat Inc,Susann Marie Keohane,2004-12-07,2004-12-07,2007-11-20,2007-11-20,https://patentimages.storage.googleapis.com/42/bd/d1/ffded03bd5b3e2/US7298831.pdf,https://patents.google.com/patent/US7298831B1/en,"A method, system, and program for automated distribution of an instant messaging request for an unavailable intended recipient to a backup recipient are provided. A chat support system detects a particular messaging request from a requester for initiating a communication with an intended recipient &hellip;"
US7310658B2,B2,grant,other_assignee, Method for tracking responses to a forum topic,International Business Machines Corporation,Snap Inc|Snapchat Inc,Kevin R. Giles,2002-12-27,2002-12-27,2007-12-18,2007-12-18,https://patentimages.storage.googleapis.com/02/b0/da/b1da79e525607e/US7310658.pdf,https://patents.google.com/patent/US7310658B2/en,", the user has selected only 17 of a maximum of 20 interests and of these 17 only 15 are enabled for actual response tracking (interests 9 and 10 are inactive). An option is to <b>assign</b> a “soft” maximum of 10 interests and then allow an increase to a “hard” maximum of 20 interests when a user requests &hellip;"
US7519672B2,B2,grant,other_assignee, Active session queue management using contextual systems with an instant &hellip;,International Business Machines Corporation,Snap Inc|Snapchat Inc,Gregory Jensen Boss,2005-07-14,2005-07-14,2009-04-14,2009-04-14,https://patentimages.storage.googleapis.com/e7/9b/55/1154b155f443c9/US7519672.pdf,https://patents.google.com/patent/US7519672B2/en,"According to this optional aspect of the invention, a default <b>assignee</b> can be set up automatically on receiver&#39;s IM program to be a “back-up” recipient listed in an LDAP personnel directory or contact list, rather than or in addition to the feature of allowing the intended recipient to explicitly &hellip;"
US7552183B2,B2,grant,other_assignee, Apparatus for post delivery instant message redirection,International Business Machines Corporation,Snap Inc|Snapchat Inc,Candice L. Coletrane,2007-11-16,2008-03-21,2009-06-23,2009-06-23,https://patentimages.storage.googleapis.com/82/5c/35/a5266942a2a4a3/US7552183.pdf,https://patents.google.com/patent/US7552183B2/en,"CROSS-REFERENCE TO RELATED APPLICATIONS This present application contains subject matter which is related to the subject matter of the following application(s) which has now issued as U.S. Pat. No. 7,363,344, each of which is assigned to the same <b>assignee</b> as this application, International &hellip;"
US7644118B2,B2,grant,other_assignee," Methods, systems, and media to enhance persistence of a message",International Business Machines Corporation,Snap Inc|Snapchat Inc,Brent Russell Phillips,2003-09-11,2003-09-11,2010-01-05,2010-01-05,https://patentimages.storage.googleapis.com/81/34/5a/ab7ea506100036/US7644118.pdf,https://patents.google.com/patent/US7644118B2/en,"wherein the dispatcher comprises a message locker to lock the message, until the message is copied into the working queue. 15. The apparatus of claim 9 , wherein the dispatcher comprises recovery logic to <b>assign</b> the thread to process the message after a system failure. 16. The apparatus of claim 9 ,"
US7680900B2,B2,grant,other_assignee, Publish/subscribe messaging system,International Business Machines Corporation,Snap Inc|Snapchat Inc,John Justin Duigenan,2003-05-16,2008-04-23,2010-03-16,2010-03-16,https://patentimages.storage.googleapis.com/66/80/71/1a70702c7e5514/US7680900.pdf,https://patents.google.com/patent/US7680900B2/en,"130 , how to receive the information it requests (see below). Address <b>assignor</b> component 120 assigns multicast addresses to the nodes in the topic tree. The methodology applied to <b>assign</b> these addresses can be configured by a network administrator. The address assigned by the <b>assignor</b> component 120"
US7720910B2,B2,grant,other_assignee, Interactive filtering electronic messages received from a publication/ &hellip;,International Business Machines Corporation,Snap Inc|Snapchat Inc,Brian D. Goodman,2002-07-26,2002-07-26,2010-05-18,2010-05-18,https://patentimages.storage.googleapis.com/a8/fd/9b/b391d8c9d90af5/US7720910.pdf,https://patents.google.com/patent/US7720910B2/en,"&hellip;  application is related in subject matter to application Ser. No. 10/207,685 “INTERACTIVE ONE TO MANY COMMUNICATION IN A COOPERATING COMMUNITY OF USERS” by Goodman et al. and assigned to the <b>assignee</b> of this application. The disclosure of the forgoing application is incorporated herein by reference."
US7822830B2,B2,grant,other_assignee, Dynamic portal assembly,International Business Machines Corporation,Snap Inc|Snapchat Inc,Robert Junghuber,2002-10-15,2009-04-06,2010-10-26,2010-10-26,https://patentimages.storage.googleapis.com/17/31/fd/5162813a72226e/US7822830.pdf,https://patents.google.com/patent/US7822830B2/en,"and <b>assign</b> an expiry time to the topology fragment, wherein the topology fragment does not change for a given period of time, wherein said replace, by said dynamic assembly module, said fragment placeholder with said topology fragment at runtime, comprises replace, by said dynamic assembly module, &hellip;"
US7840838B2,B2,grant,other_assignee, Rapid regeneration of failed disk sector in a distributed database system,Netezza Corporation,Snap Inc|Snapchat Inc,William K. Stewart,2003-02-10,2007-08-30,2010-11-23,2010-11-23,https://patentimages.storage.googleapis.com/73/f6/38/43d69985189f1d/US7840838.pdf,https://patents.google.com/patent/US7840838B2/en,"Each sector on the disk is identified by the disk controller referencing its physical location, such as by track number and/or sector number. However, most disk controllers now <b>assign</b> a unique Logical Block Address (LBA) to most if not all of the physical disk sectors. Read and write commands to &hellip;"
US8032586B2,B2,grant,other_assignee, Method and system for caching message fragments using an expansion attribute in &hellip;,International Business Machines Corporation,Snap Inc|Snapchat Inc,James R. H. Challenger,2001-12-19,2007-06-21,2011-10-04,2011-10-04,https://patentimages.storage.googleapis.com/a0/8e/ce/116eaf54f52dc2/US8032586.pdf,https://patents.google.com/patent/US8032586B2/en,"A method, a system, an apparatus, and a computer program product are presented for a fragment caching methodology. After a message is received at a computing device that contains a cache management unit, a fragment in the message body of the message is cached. Subsequent requests for the fragment &hellip;"
US8035490B2,B2,grant,other_assignee, Communication and filtering of events among peer controllers in the same &hellip;,International Business Machines Corporation,Snap Inc|Snapchat Inc,Christian L. Hunt,2006-12-07,2006-12-07,2011-10-11,2011-10-11,https://patentimages.storage.googleapis.com/fe/77/c5/96efcb859bd127/US8035490.pdf,https://patents.google.com/patent/US8035490B2/en,"&hellip;  code comprising: first program instructions to <b>assign</b> a spatial region in the tagged information network to a plurality of electronic peer controllers, each of the peer controllers connected to a respective one of a plurality of reader/sensors that senses tagged information in the spatial region;"
US8036950B1,B1,grant,other_assignee, Auction management with business-volume discount,"Emptoris, Inc.",Snap Inc|Snapchat Inc,Avner Schneur,2002-02-20,2002-02-20,2011-10-11,2011-10-11,https://patentimages.storage.googleapis.com/f0/06/b8/13f3a8ccb7bc7a/US8036950.pdf,https://patents.google.com/patent/US8036950B1/en,"A computer-implemented method for satisfying a purchase requisition includes receiving, from each of a plurality of candidate suppliers, a corresponding plurality of bids. At least one candidate supplier includes, with its bids, an offer of a business-volume discount that is triggered when an &hellip;"
US8037453B1,B1,grant,other_assignee," System and method for continuous software configuration, test and build &hellip;","Urbancode, Inc.",Snap Inc|Snapchat Inc,Maciej Zawadzki,2006-09-13,2007-09-13,2011-10-11,2011-10-11,https://patentimages.storage.googleapis.com/38/e3/83/080dfd18ac253e/US8037453.pdf,https://patents.google.com/patent/US8037453B1/en,"A system and method for performing continuous configuration, test, and build management for developing and building software applications is provided. In building the desired software applications, a build manager system is configured to first obtain the target source code from a source code &hellip;"
US8055721B2,B2,grant,other_assignee, Method and system for detecting and handling message collisions in an instant &hellip;,International Business Machines Corporation,Snap Inc|Snapchat Inc,Patrick Joseph O'Sullivan,2009-05-20,2009-05-20,2011-11-08,2011-11-08,https://patentimages.storage.googleapis.com/90/31/07/38dbd5a1d2734c/US8055721.pdf,https://patents.google.com/patent/US8055721B2/en,"In an alternative embodiment, the disclosed system provides each participant in the online negotiation with a number of user interface mechanisms through which they can <b>assign</b> a relative priority to their message. The disclosed system then determines a next message to be delivered based on the &hellip;"
US8072670B2,B2,grant,other_assignee, Pixel circuit to electrode translation,Compound Photonics Limited,Snap Inc,James L. Sanford,2006-02-09,2006-02-09,2011-12-06,2011-12-06,https://patentimages.storage.googleapis.com/41/bf/09/33be0041d06d21/US8072670.pdf,https://patents.google.com/patent/US8072670B2/en,"Various system configurations may be found in International Patent Application No. PCT/US2005/018305, titled, “Transmissive, Optically Addressed, Photosensitive Spatial Light Modulators And Color Display Systems Incorporating Same,” filed May 24, 2005 and commonly owned by the <b>assignee</b> of the &hellip;"
US8095883B2,B2,grant,other_assignee, Indicating the default value for a property to enhance user feedback,International Business Machines Corporation,Snap Inc|Snapchat Inc,Casey A. Best,2007-08-03,2007-08-03,2012-01-10,2012-01-10,https://patentimages.storage.googleapis.com/a6/ec/6b/c58f7342bc9961/US8095883.pdf,https://patents.google.com/patent/US8095883B2/en,"CROSS-REFERENCE TO RELATED APPLICATIONS This application contains subject matter which is related to the subject matter of the following co-pending application, which is assigned to the same <b>assignee</b>, International Business Machines Corporation of Armonk, N.Y., as this application. The below &hellip;"
US8190999B2,B2,grant,other_assignee," System and method for in-context, topic-oriented instant messaging",International Business Machines Corporation,Snap Inc|Snapchat Inc,Yen-Fu Chen,2004-05-20,2004-05-20,2012-05-29,2012-05-29,https://patentimages.storage.googleapis.com/f1/68/96/36fd498f9f0def/US8190999.pdf,https://patents.google.com/patent/US8190999B2/en,"17. The program product of claim 16 wherein a chat participant does not have to <b>assign</b> one of the topics to each of the plurality of instant messaging statements. 18. The program product of claim 16 , wherein the method further comprises the processor inserting a topic tag into a plurality of &hellip;"
US8195748B2,B2,grant,other_assignee, Geographical email presentation,International Business Machines Corporation,Snap Inc|Snapchat Inc,Serge E. Hallyn,2007-01-09,2007-01-09,2012-06-05,2012-06-05,https://patentimages.storage.googleapis.com/5f/d3/7c/71f7e8d37087b5/US8195748.pdf,https://patents.google.com/patent/US8195748B2/en,"&hellip;  have included the implementation of junk email filtering techniques, but these simply reduce the number of misdirected emails. Still other approaches <b>assign</b> a priority to the incoming email, either through the application of an icon, color coding, or by filing the email in a predetermined mailbox."
US8234345B2,B2,grant,other_assignee, Preserving a messaging service in a highly available environment,International Business Machines Corporation,Snap Inc|Snapchat Inc,Andrew J. Schofield,2009-04-21,2009-11-30,2012-07-31,2012-07-31,https://patentimages.storage.googleapis.com/b3/06/f9/1d3ef55453bc6c/US8234345.pdf,https://patents.google.com/patent/US8234345B2/en,&hellip;  prior to the client being disconnected; create the temporary location in response to the initial request; generate the identifier; <b>assign</b> the identifier to the temporary location; associate the client as owner of the temporary location; and communicate the identifier to the messaging software.
US8458269B2,B2,grant,other_assignee, Selection of email attachment storage location,International Business Machines Corporation,Snap Inc|Snapchat Inc,Julian L. Friedman,2009-06-02,2010-05-28,2013-06-04,2013-06-04,https://patentimages.storage.googleapis.com/d1/e0/c5/5c6f1833b80e82/US8458269.pdf,https://patents.google.com/patent/US8458269B2/en,"CROSS-REFERENCE TO RELATED APPLICATIONS This application claims the benefit of European Patent Application No. 09161648.2 filed 2 Jun. 2009 and entitled “Method and System for Selection of Email Attachment Storage Location”, which is assigned to the <b>assignee</b> of the present application, and the &hellip;"
US8468194B2,B2,grant,other_assignee, Expertise referrals using a real-time communication system,International Business Machines Corporation,Snap Inc|Snapchat Inc,Marc Dreyfus,2008-12-30,2008-12-30,2013-06-18,2013-06-18,https://patentimages.storage.googleapis.com/7a/16/54/cdf478bd70c7db/US8468194.pdf,https://patents.google.com/patent/US8468194B2/en,&hellip;  user associated with a second messaging client seeking expertise and a third user associated with a third messaging client as a potential subject matter expert. The processor can <b>assign</b> a role of potential maven to the first user and a role of potential subject matter expert to the third user.
US8521882B2,B2,grant,other_assignee, Client/subscriber rotation using select write calls for server resiliency,International Business Machines Corporation,Snap Inc|Snapchat Inc,Jeffrey D. Amsterdam,2010-09-15,2010-09-15,2013-08-27,2013-08-27,https://patentimages.storage.googleapis.com/60/42/a2/8ff66a4201377f/US8521882.pdf,https://patents.google.com/patent/US8521882B2/en,Connection analyzer 205 may collect statistics concerning the stacks and <b>assign</b> an attribute to a client based on observed select write call behavior. A ‘select write call’ or ‘select write operation’ requests the selector to provide a list of clients that are ready to receive messages. In other &hellip;
US8713122B2,B2,grant,other_assignee, Message value indicator,International Business Machines Corporation,Snap Inc|Snapchat Inc,Thomas H. Barnes,2005-11-10,2005-11-10,2014-04-29,2014-04-29,https://patentimages.storage.googleapis.com/77/b0/fc/7eb64069fc7f8c/US8713122.pdf,https://patents.google.com/patent/US8713122B2/en,"&hellip;  message is opened, Rating Interface 400 starts ( 410 ). Rating Interface 400 may appear in a dialog box or separate window from mail reader 210 . Rating Interface 400 prompts the message recipient to <b>assign</b> a value to the message ( 412 ). Table 1 shows possible values in one embodiment of the invention:"
US8838858B1,B1,grant,other_assignee, Managing command line interface commands,Emc Corporation,Snap Group,Yuanjie Wu,2011-12-22,2011-12-22,2014-09-16,2014-09-16,https://patentimages.storage.googleapis.com/d8/cb/ca/b40d92e616183f/US8838858.pdf,https://patents.google.com/patent/US8838858B1/en,"101 may be a typical workstation or graphical user interface (GUI) operatively coupled to storage system (“array”) 102 which may be, for example, similar to those manufactured by EMC Corporation, the <b>assignee</b> of the present invention. This coupling can be achieved via link 106 which can be, for &hellip;"
US8843567B2,B2,grant,other_assignee, Managing electronic messages,International Business Machines Corporation,Snap Inc|Snapchat Inc,Neeran Karnik,2009-11-30,2009-11-30,2014-09-23,2014-09-23,https://patentimages.storage.googleapis.com/c0/f6/bb/1483607f3f56eb/US8843567.pdf,https://patents.google.com/patent/US8843567B2/en,"&hellip;  classification of text/documents, images, and the like. The automated content classification module may be configured to select from pre-defined classifications. The automated content classification module can automatically <b>assign</b> one or more of these classifications to the electronic message 102 ."
US8856254B2,B2,grant,other_assignee, Providing a collaborative status message in an instant messaging system,International Business Machines Corporation,Snap Inc|Snapchat Inc,Howard R. Davidson,2012-03-07,2013-04-30,2014-10-07,2014-10-07,https://patentimages.storage.googleapis.com/8b/35/ad/679161eae7f629/US8856254.pdf,https://patents.google.com/patent/US8856254B2/en,"CROSS-REFERENCE TO RELATED APPLICATIONS The present application is a continuation application of U.S. patent application Ser. No. 13/413,756, which was filed on Mar. 7, 2012, which is assigned to the <b>assignee</b> of the present invention. The present application claims priority benefits to U.S. patent &hellip;"
US8874660B2,B2,grant,other_assignee, System and method for circumventing instant messaging do-not-disturb,Internatonal Business Machines Corporation,Snap Inc|Snapchat Inc,Gary Denner,2007-09-24,2007-09-24,2014-10-28,2014-10-28,https://patentimages.storage.googleapis.com/19/5e/4d/a478860cddee26/US8874660.pdf,https://patents.google.com/patent/US8874660B2/en,"the policy of circumvention rights, user 64 may <b>assign</b> the circumvention rights based on various criteria used to determine who should be allowed to circumvent a DND status of a instant messaging user. In maintaining the applicability of DND status, there may be at least some restrictions upon who &hellip;"
US8972357B2,B2,grant,other_assignee, System and method for data collection to validate location data,"Placed, Inc.",Snap Inc,David Shim,2012-02-24,2012-02-24,2015-03-03,2015-03-03,https://patentimages.storage.googleapis.com/41/e2/db/2530951f3db8e0/US8972357.pdf,https://patents.google.com/patent/US8972357B2/en,&hellip;  Door Took sidewalk Stood near NA from parking entrance lot Table 1 provides example fields in the digital log completed by a census. The values in these fields <b>assign</b> information to device observation data. The level of precision and accuracy is considered high based on the details collected by
US8972494B2,B2,grant,other_assignee, Scheduling calendar entries via an instant messaging interface,International Business Machines Corporation,Snap Inc|Snapchat Inc,Yen-Fu Chen,2006-01-19,2006-01-19,2015-03-03,2015-03-03,https://patentimages.storage.googleapis.com/ce/6e/5e/7b1d943c2625a3/US8972494.pdf,https://patents.google.com/patent/US8972494B2/en,"A computer implemented method, data processing system, and computer program product for scheduling calendaring entries within the context of an instant messaging client. The instant messaging client receives input from a user to schedule an instant messaging chat session with one or more invitees, &hellip;"
US9007372B2,B2,grant,other_assignee, System for primary ray shooting having geometrical stencils,Adshir Ltd.,Snap Inc,Reuven Bakalash,2012-12-26,2014-09-07,2015-04-14,2015-04-14,https://patentimages.storage.googleapis.com/44/03/24/144b6441207735/US9007372.pdf,https://patents.google.com/patent/US9007372B2/en,"Aspects comprise ray shooting system based on the data structure of a uniform grid of cells, and on local stencils in cells. The high traversal and construction costs of accelerating structures are cut down. The object&#39;s visibility from the viewpoint and from light sources, as well as the primary &hellip;"
US9037655B2,B2,grant,other_assignee, Maintaining instant messaging conversations when a recipient is not at their &hellip;,International Business Machines Corporation,Snap Inc|Snapchat Inc,Alastair G. R. Cross,2009-05-18,2010-05-12,2015-05-19,2015-05-19,https://patentimages.storage.googleapis.com/03/2b/be/683e65210f2108/US9037655.pdf,https://patents.google.com/patent/US9037655B2/en,"CROSS-REFERENCE TO RELATED APPLICATIONS This application claims the benefit of European Patent Application No. 09160531.1 filed 18 May 2009, entitled “AN APPARATUS, METHOD AND COMPUTER PROGRAM FOR MAINTAINING INSTANT MESSAGING”, which is assigned to the <b>assignee</b> of the present application, and the &hellip;"
US9055018B2,B2,grant,other_assignee, Related message detection and indication,International Business Machines Corporation,Snap Inc,Ann M. Corrao,2010-12-03,2010-12-03,2015-06-09,2015-06-09,https://patentimages.storage.googleapis.com/5e/62/a1/94baf5964d7a3d/US9055018.pdf,https://patents.google.com/patent/US9055018B2/en,"A method, a computer program product, and a computer system for managing requests to send messages are presented. Header information associated with a set of incoming messages on a server data processing system is retrieved in response to receiving a request to send a drafted message from a client &hellip;"
US9083770B1,B1,grant,snap_filed, Method and system for integrating real time communication features in &hellip;,"Snapchat, Inc.",Snap Inc|Snapchat Inc,Michael Dröse,2013-11-26,2014-11-07,2015-07-14,2015-07-14,https://patentimages.storage.googleapis.com/e9/c2/cb/7c15ccb8c919d3/US9083770.pdf,https://patents.google.com/patent/US9083770B1/en,A computer has a processor and a memory connected to the processor. The memory stores instructions executed by the processor to receive a real time communication request from a client device and perform an evaluation of the number of client devices associated with the real time communication &hellip;
US9088534B2,B2,grant,other_assignee, Systems and methods for providing a recipient of an electronic communication &hellip;,International Business Machines Corporation,Snapchat Inc,Lisa Seacat Deluca,2010-12-07,2010-12-07,2015-07-21,2015-07-21,https://patentimages.storage.googleapis.com/82/d4/e0/b91e912591cbda/US9088534.pdf,https://patents.google.com/patent/US9088534B2/en,"can <b>assign</b> a first weight value to the relationship. Where another relationship is determined between the second recipient and another recipient of the same email message to have two or more degrees of separation, the relationship manager 14 can <b>assign</b> a second weight value to this relationship &hellip;"
US9633467B2,B2,grant,other_assignee, Stencil mapped shadowing system,Adshir Ltd.,Snap Inc,Reuven Bakalash,2012-12-26,2014-09-07,2017-04-25,2017-04-25,https://patentimages.storage.googleapis.com/6f/c5/8e/9f539f51c0ac64/US9633467.pdf,https://patents.google.com/patent/US9633467B2/en,"Aspects comprise shadowing system as part of ray tracing. It is based on uniform grid of cells, and on local stencils in cells. The acceleration structures are abandoned along with high traversal and construction costs of these structures. The amount of intersection tests is cut down. The stencils &hellip;"
US9686216B2,B2,grant,snap_filed, Server side email content modification to selected email recipients,Snap Inc.,Snap Inc,Mette F. M. Hammer,2010-06-29,2015-05-05,2017-06-20,2017-06-20,https://patentimages.storage.googleapis.com/53/11/5b/72444443442383/US9686216.pdf,https://patents.google.com/patent/US9686216B2/en,"&hellip;  with a proximity policy which can enable a sender node to control which recipient nodes within the social network can receive the email. For instance, Alice can <b>assign</b> a proximity policy to her email to Bob, who can be prohibited from forwarding the email to anyone outside Alice&#39;s social network."
US9723450B2,B2,grant,other_assignee, Inference pipeline system and method,"Placed, Inc.",Snap Inc,David Shim,2012-02-24,2016-02-08,2017-08-01,2017-08-01,https://patentimages.storage.googleapis.com/58/d9/60/fd232dacb05456/US9723450.pdf,https://patents.google.com/patent/US9723450B2/en,"A system to infer place data is disclosed that receives location data collected on a user&#39;s mobile electronic device, recognizes when, where and for how long the user makes stops, generates possible places visited, and predicts the likelihood of a user to visit those places."
US9741160B2,B2,grant,other_assignee, Shadowing method for ray tracing based on geometrical stencils,Adshir Ltd.,Snap Inc,Reuven Bakalash,2012-12-26,2016-01-28,2017-08-22,2017-08-22,https://patentimages.storage.googleapis.com/f1/f5/7e/95078e3c4a5f9e/US9741160.pdf,https://patents.google.com/patent/US9741160B2/en,"Aspects comprise a ray tracing shadowing method based on the data structure of a uniform grid of cells, and on local stencils in cells. The high traversal and construction costs of accelerating structures are cut down. The object&#39;s visibility from the viewpoint and from light sources, as well as &hellip;"
US9805497B2,B2,grant,other_assignee, Collision-culling of lines over polygons,Reuven Bakalash,Snap Inc,Reuven Bakalash,2013-02-05,2014-06-22,2017-10-31,2017-10-31,https://patentimages.storage.googleapis.com/ff/66/9e/c14e37eef08022/US9805497.pdf,https://patents.google.com/patent/US9805497B2/en,"Collision-culling for early elimination of non-colliding ray segments over a group of polygons in a computer graphics system. The scene is subdivided into cells, at each cell three orthographically viewed buffers of the local scene are created, each buffer is aligned with one of the three main &hellip;"
US9881094B2,B2,grant,snap_filed, Systems and methods for automated local story generation and curation,Snap Inc.,Snap Inc,Maria Pavlovskaia,2015-05-05,2015-05-05,2018-01-30,2018-01-30,https://patentimages.storage.googleapis.com/e5/5f/8d/82bda24f7baf39/US9881094.pdf,https://patents.google.com/patent/US9881094B2/en,"&hellip;  to users that are very close to this location. Rather than making the story available to all users within a larger geographic area, the system may automatically <b>assign</b> an area to the story, and may make the story available only to users in the area that was generated and assigned for that story."
US9887955B1,B1,grant,snap_filed, Message queues for rapid re-hosting of client devices,Snap Inc.,Snap Inc|Snapchat Inc,Aaron Daniel Son,2015-03-25,2016-04-06,2018-02-06,2018-02-06,https://patentimages.storage.googleapis.com/99/63/31/bd5aef33d77ffa/US9887955.pdf,https://patents.google.com/patent/US9887955B1/en,"<b>assign</b> a first chain of gateway servers to a first client device, the first chain starting at a first gateway server of the gateway servers that hosts the first client device and ending at a second gateway server of the gateway servers; <b>assign</b> a second chain of the gateway servers to a second &hellip;"
US9906479B1,B1,grant,snap_filed, Storage management for ephemeral messages,Snap Inc.,Snap Inc,Aaron Son,2015-06-16,2015-06-16,2018-02-27,2018-02-27,https://patentimages.storage.googleapis.com/c4/04/05/744967e5d89ef4/US9906479.pdf,https://patents.google.com/patent/US9906479B1/en,"What is claimed is: 1. A system comprising: a storage device for storing electronic messages sent between users of a network; and a storage controller implemented by at least one processor and configured to: <b>assign</b> a future time to each of a plurality of logical disks, each future time indicating &hellip;"
WO2017147305A1,A1,application,snap_filed," Methods and systems for generation, curation, and presentation of media &hellip;","Snapchat, Inc.",Snapchat Inc,Sheldon Chang,2016-02-26,2017-02-23,2017-08-31,,https://patentimages.storage.googleapis.com/9b/aa/ed/62456b801deaea/WO2017147305A1.pdf,https://patents.google.com/patent/WO2017147305A1/en,"Systems and methods are provided for receiving, at a server computer, a plurality of content messages from a plurality of content sources, each content message comprising media content and associated with a predetermined media collection, for each of the plurality of content messages received, &hellip;"
WO2018152514A1,A1,application,snap_filed, Media item attachment system,Snap Inc.,Snap Inc,Newar Husam AL MAJID,2017-02-20,2018-02-20,2018-08-23,,https://patentimages.storage.googleapis.com/50/c3/43/109fc874fe0bdd/WO2018152514A1.pdf,https://patents.google.com/patent/WO2018152514A1/en,"CLAIMS What is claimed is: 1. A method comprising: generating a data object that includes a first media item at a client device; presenting an interface that includes an option to <b>assign</b> a second media item to the data object, in response to the generating the data object at the client device; &hellip;"
WO2018201106A1,A1,application,snap_filed, Map-based graphical user interface indicating geospatial activity metrics,Snap Inc.,Snap Inc,Maxwell GALE,2017-04-27,2018-04-27,2018-11-01,,https://patentimages.storage.googleapis.com/cc/b9/70/7934304d2fd68f/WO2018201106A1.pdf,https://patents.google.com/patent/WO2018201106A1/en,A server-side administrative interface for a social media platform allows for restriction of defined geographical areas. Social media items originating from such restricted areas are automatically filtered or age-restricted for availability via a map-based graphical user interface of the social &hellip;
WO2019194794A1,A1,application,other_assignee, Social media content management,"Vydia, Inc.",Snap Inc,Roy Christopher Lamanna,2018-04-03,2018-04-03,2019-10-10,,https://patentimages.storage.googleapis.com/77/04/f8/dba416b919924c/WO2019194794A1.pdf,https://patents.google.com/patent/WO2019194794A1/en,"&hellip;  of a content rights sync process and content scoring process, the content rights sync process configured to enable a user to control rights access to any of the user’s content, and the content scoring process configured to collect metadata and/or statistics on any of the user’s content and <b>assign</b> &hellip;"
WO2021042134A1,A1,application,snap_filed, Generating 3d data in a messaging system,Snap Inc.,Snap Inc,Kyle Goodrich,2019-08-28,2020-08-28,2021-03-04,,https://patentimages.storage.googleapis.com/1c/aa/dc/c5363c22170953/WO2021042134A1.pdf,https://patents.google.com/patent/WO2021042134A1/en,The subject technology receives image data and depth data. The subject technology selects an augmented reality content generator corresponding to a three-dimensional (3D) effect. The subject technology applies the 3D effect to the image data and the depth data based at least in part on the &hellip;
WO2022140270A1,A1,application,snap_filed, Messaging system for resurfacing content items,Snap Inc.,Snap Inc,Jonathan Dale Brody,2020-12-21,2021-12-20,2022-06-30,,https://patentimages.storage.googleapis.com/31/b8/de/c703076cad1553/WO2022140270A1.pdf,https://patents.google.com/patent/WO2022140270A1/en,"Methods, computer-readable storage media, and apparatuses for surfacing content items in a messaging system. The methods may include storing a content item generated by a client device of a user, the user associated with the messaging system and determining a score to <b>assign</b> to the interaction and &hellip;"
WO2022212669A1,A1,application,snap_filed, Determining classification recommendations for user content,Snap Inc.,Snap Inc,Nathan Kenneth BOYD,2021-03-31,2022-03-31,2022-10-06,,https://patentimages.storage.googleapis.com/69/58/4e/e9e0afbac58ff6/WO2022212669A1.pdf,https://patents.google.com/patent/WO2022212669A1/en,"In one or more implementations, content generated using a client application may be associated with a classification. A number of classifications may be recommended to users of a client application based on alphanumeric characters entered by the users. Additionally, a number of classifications may &hellip;"
WO2022212672A1,A1,application,snap_filed, Generating modified user content that includes additional text content,Snap Inc.,Snap Inc,Nathan Kenneth BOYD,2021-03-31,2022-03-31,2022-10-06,,https://patentimages.storage.googleapis.com/ba/45/a7/2630962ec63b61/WO2022212672A1.pdf,https://patents.google.com/patent/WO2022212672A1/en,"In one or more implementations, user content items generated using a client application may be shared with users that are not contacts of the user within the client application. A user interface that indicates a number of recipients of the user content item may be generated that also includes a &hellip;"
WO2022240933A1,A1,application,snap_filed, Depth-from- stereo bending correction,Snap Inc.,Snap Inc,Sagi Katz,2021-05-14,2022-05-11,2022-11-17,,https://patentimages.storage.googleapis.com/cc/de/46/b05c7fde0f999c/WO2022240933A1.pdf,https://patents.google.com/patent/WO2022240933A1/en,"A method for correcting a bending of a flexible device is described. In one aspect, the method includes accessing feature data of a first stereo frame that is generated by stereo optical sensors of the flexible device, the feature data generated based on a visual-inertial odometry (VIO) system of &hellip;"
WO2023129373A1,A1,application,snap_filed, Ar position and orientation along plane,Snap Inc.,Snap Inc,Avihay ASSOULINE,2021-12-30,2022-12-13,2023-07-06,,https://patentimages.storage.googleapis.com/2e/2b/74/c7906a1e47927d/WO2023129373A1.pdf,https://patents.google.com/patent/WO2023129373A1/en,Aspects of the present disclosure involve a system for presenting AR items. The system performs operations including receiving a video that includes a depiction of one or more real -world objects in a real -world environment and obtaining depth data related to the real-world environment. The &hellip;
WO2023192608A1,A1,application,snap_filed, Smart media overlay selection for a messaging system,Snap Inc.,Snap Inc,Jiayu HE,2022-04-01,2023-03-31,2023-10-05,,https://patentimages.storage.googleapis.com/9b/8e/98/4498b18689c649/WO2023192608A1.pdf,https://patents.google.com/patent/WO2023192608A1/en,&hellip;  provided by a second client device of a second user; parse the text string into one or more text portions; <b>assign</b> a score to each of the one or more text portions based on a specified criterion; determine one or more relevant tags of a plurality of tags based on the one or more text portions;
WO2023244490A1,A1,application,snap_filed, Standardized ar interfaces for iot devices,Snap Inc.,Snap Inc,Sven Kratz,2022-06-15,2023-06-08,2023-12-21,,https://patentimages.storage.googleapis.com/54/8d/7b/6501263f857714/WO2023244490A1.pdf,https://patents.google.com/patent/WO2023244490A1/en,"&hellip;  for use with the system are described. By utilizing a camera on various messaging or AR platforms, such as SNAPCHAT® or SPECTACLES™ available from <b>Snap, Inc</b>. of Santa Monica, California, users may create fun and immersive ways of interacting with loT devices through the standardized AR interfaces."
WO2024151977A1,A1,application,other_assignee," Augmented reality social media platform, systems, and methods related thereto","Flying Eye Reality, Inc.",Snap Inc,Raymond Charles Shingler,2023-01-12,2024-01-12,2024-07-18,,https://patentimages.storage.googleapis.com/9d/0c/cf/0663e756997154/WO2024151977A1.pdf,https://patents.google.com/patent/WO2024151977A1/en,Augmented reality social media platforms and methods of managing the same in which a real-world defined area is virtually mapped to include a plurality of leasable virtual subdivisions each corresponding to a real-world subdivision of the real-world defined area. A platform may <b>assign</b> a virtual &hellip;
WO2024177967A1,A1,application,snap_filed, Generating user interfaces displaying augmented reality graphics,Snap Inc.,Snap Inc,Sharon MOLL,2023-02-21,2024-02-20,2024-08-29,,https://patentimages.storage.googleapis.com/66/96/a3/84fa40f64810b3/WO2024177967A1.pdf,https://patents.google.com/patent/WO2024177967A1/en,An Augmented Reality (AR) graphics system is provided. The AR graphics system may coordinate the display of augmented reality graphics created by multiple users located in an environment. The AR graphics system may determine an alignment object located in the environment that is designated as a &hellip;
WO2024186939A1,A1,application,snap_filed, Depth estimation from rgb images,Snap Inc.,Snap Inc,Riza Alp GULER,2023-03-07,2024-03-06,2024-09-12,,https://patentimages.storage.googleapis.com/23/c6/c2/8a95f6bbad6e5b/WO2024186939A1.pdf,https://patents.google.com/patent/WO2024186939A1/en,A system for generating extended reality effects using image data of hands and a depth estimation model. The depth estimation model is trained using pairings of synthetic 2D image data with sets of depths and segmentation masks. An extended reality system captures image data of hands in a real- &hellip;
WO2024228914A1,A1,application,snap_filed, Augmented reality mood board manipulation,Snap Inc.,Snap Inc,Luke Cartwright,2023-05-04,2024-04-26,2024-11-07,,https://patentimages.storage.googleapis.com/20/7c/b3/13a7b08509a78c/WO2024228914A1.pdf,https://patents.google.com/patent/WO2024228914A1/en,"&hellip;  this context an “augmented reality effect&#34; comprises the collection of data, parameters, and other assets used to apply a selected augmented reality experience to an image or a video feed. In some examples, augmented reality effects are provided by <b>Snap, Inc</b>. under the registered trademark LENSES."
WO2024249667A1,A1,application,snap_filed, Presentation of media content as memories,Snap Inc.,Snap Inc,Nathan Kenneth BOYD,2023-06-02,2024-05-30,2024-12-05,,https://patentimages.storage.googleapis.com/ef/18/80/d84e97bd2b3650/WO2024249667A1.pdf,https://patents.google.com/patent/WO2024249667A1/en,retrieve a second set of media content captured by the interaction client included in the client device; <b>assign</b> the first set of media content a first ranking value; <b>assign</b> the second set of media content a second ranking value; create a first visual representation of the first set of media content &hellip;
WO2025054441A1,A1,application,snap_filed, Virtual manipulation of augmented and virtual reality objects,Snap Inc.,Snap Inc,Mason Spong,2023-09-07,2024-09-06,2025-03-13,,https://patentimages.storage.googleapis.com/03/1b/5b/539751293d0881/WO2025054441A1.pdf,https://patents.google.com/patent/WO2025054441A1/en,"Systems and methods are provided. For example, a method includes determining a position of a user&#39;s hand and identifying a manipulation gesture performed by the user targeting a virtual object. The method also includes determining a three-dimensional (3D) origin point based on the position of the &hellip;"
WO2025117335A1,A1,application,snap_filed, Commercial intent detection and keyword extraction,Snap Inc.,Snap Inc,Sepideh AZARNOOSH,2023-11-29,2024-11-21,2025-06-05,,https://patentimages.storage.googleapis.com/e9/59/4b/0323dcb39774d8/WO2025117335A1.pdf,https://patents.google.com/patent/WO2025117335A1/en,A chatbot system detects commercial intent during conversations with users and provides targeted advertisements. The chatbot system extracts keyword candidates from a conversation and assigns relevance scores based on the meaning of the conversation and commercial scores based on a machine &hellip;
WO2025184634A1,A1,application,other_assignee," Music information online platform, search and discovery systems, related &hellip;","Flying Eye Reality, Inc.",Snap Inc,Raymond Charles SHINGLER,2024-02-28,2025-02-28,2025-09-04,,,https://patents.google.com/patent/WO2025184634A1/en,"Methods, systems, and related interfaces for interacting in an online music platform in which a music search graphical selection tool user interface is presented to a user for the user to select one or more category value items to create a resultant displayable representation of a music related &hellip;"
WO2025221511A1,A1,application,snap_filed, Multifocal assembly for extended reality devices,Snap Inc.,Snap Inc,Alexander Plopski,2024-04-16,2025-04-08,2025-10-23,,,https://patents.google.com/patent/WO2025221511A1/en,"[0040] The virtual content may include at least one virtual object. The XR device may include a processor to determine a presentation distance associated with the virtual object, and <b>assign</b>, based on the presentation distance, a matching focus distance to the virtual object. In response to the &hellip;"
WO2025226546A1,A1,application,snap_filed, Remote detection of human movement signals,Snap Inc.,Snap Inc,Shimon HAYUN,2024-04-25,2025-04-18,2025-10-30,,,https://patents.google.com/patent/WO2025226546A1/en,"Methods and systems are disclosed for collecting EMG speech signals using a speech signal detection device. The methods and systems collect, by a speech signal detection device worn by a first person, a combination of signals comprising electromyograph (EMG) data signals and one or more non-EMG &hellip;"
WO2025259490A1,A1,application,snap_filed, Mesh and texture generation using prompts,Snap Inc.,Snap Inc,Sergei Korolev,2024-06-11,2025-06-04,2025-12-18,,,https://patents.google.com/patent/WO2025259490A1/en,"Described is a system for generating meshes by receiving a prompt from a developer, accessing a default head mesh rigged to facial features of a default head, modifying the default head mesh by inputting the prompt into a stable diffusion model, retrieving gradients from the stable diffusion model &hellip;"
WO2026050169A1,A1,application,snap_filed, Adjusting performance of parallel augmented reality experiences,Snap Inc.,Snap Inc,John James Robertson,2024-08-26,2025-08-25,2026-03-05,,,https://patents.google.com/patent/WO2026050169A1/en,"Systems, methods, and computer readable media for power and temperature attribution on mobile devices. Example methods include launching a native augmented reality (AR) application together with an external AR application on the user system. The example methods include determining that usage of &hellip;"
WO2026054967A1,A1,application,snap_filed, Non-dominant hand gestures to control microphone input on head-wearable device,Snap Inc.,Snap Inc,Viktoria HWANG,2024-09-09,2025-08-18,2026-03-12,,,https://patents.google.com/patent/WO2026054967A1/en,"A head-wearable device may provide an extended Reality (XR) experience that allows the user to control certain aspects of the experience with their hands. Specifically, one of the user&#39;s hands will be delineated as the dominant hand, while the other hand will be delineated as the non-dominant hand &hellip;"
WO2026055014A1,A1,application,snap_filed, Spacial organizer for multimedia results in extended reality,Snap Inc.,Snap Inc,Mitchell KUPPERSMITH,2024-09-09,2025-08-26,2026-03-12,,,https://patents.google.com/patent/WO2026055014A1/en,"&hellip;  objects; receive a plurality of content items to display within the user interface; Docket No. 4218.N08WO1 <b>assign</b> each of the content items to a separate container; render, within the user interface, an organizer containing all separate containers corresponding to the plurality of content items;"
WO2026059997A1,A1,application,snap_filed, Depth estimation using odometry and hand tracking,Snap Inc.,Snap Inc,Georgios Evangelidis,2024-09-16,2025-09-10,2026-03-19,,,https://patents.google.com/patent/WO2026059997A1/en,"&hellip;  this context an “augmented reality effect&#34; comprises the collection of data, parameters, and other assets used to apply a selected augmented reality experience to an image or a video feed. In some examples, augmented reality effects are provided by <b>Snap, Inc</b>. under the registered trademark LENSES."
US20260121924A1,A1,application,snap_filed,Device configuration parameter determination,Snap Inc.,Snap Inc,Michael Cieslak,2019-05-21,2025-12-23,2026-04-30,,,https://patents.google.com/patent/US20260121924A1/en,"FIG. 1 is a block diagram illustrating a system 100 , according to some examples, configured to <b>assign</b> configuration parameters to devices having unknown device types. The system 100 includes one or more client devices such as client device 110 . The client device 110 includes, but is not limited to, &hellip;"
US20260087068A1,A1,application,snap_filed,Tag distribution visualization system,Snap Inc.,Snap Inc,Xuan HUANG,2018-01-03,2025-12-03,2026-03-26,,,https://patents.google.com/patent/US20260087068A1/en,"A campaign may include a unique tag that may be identified within media content. For example, a publisher or distributor of a campaign may generate a tag that comprises a graphical icon, and <b>assign</b> the graphical icon to the campaign. In various embodiments described herein, a visualization system &hellip;"
US20260065571A1,A1,application,snap_filed,Management of pseudorandom animation system,Snap Inc.,Snap Inc,Gurunandan Krishnan Gorumkonda,2019-09-30,2025-11-06,2026-03-05,,,https://patents.google.com/patent/US20260065571A1/en,"The control points can have possible motions assigned to describe all possible movements of all parts of the model. A designer can then <b>assign</b> a probability to each motion, so that during a displayed animation, the likelihood of certain motions occurring are set probabilistically by the designer."
US20260067116A1,A1,application,snap_filed,Presenting captured screen content within a virtual conferencing system,Snap Inc.,Snap Inc,Andrew Cheng-min Lin,2022-08-31,2025-11-05,2026-03-05,,,https://patents.google.com/patent/US20260067116A1/en,"Aspects of the present disclosure involve a system comprising a computer-readable storage medium storing a program and method for presenting captured screen content within a virtual conferencing system. The program and method provide, in association with designing a room for virtual conferencing, &hellip;"
US20260057606A1,A1,application,snap_filed,Autodecoding latent 3d diffusion models,Snap Inc.,Snap Inc,Evangelos Ntavelis,2023-06-16,2025-10-30,2026-02-26,,,https://patents.google.com/patent/US20260057606A1/en,"having two generative components, G 1 112 and G 2 114 . The autodecoder 110 learns to <b>assign</b> each training set object a 1D embedding 120 that is processed by G 1 into a latent volumetric space 130 . Features of the latent volumes generated by G 1 112 may be normalized into the same range by robust &hellip;"
US20260057420A1,A1,application,snap_filed,Media collection navigation with opt-out interstitial,Snap Inc.,Snap Inc,Nathan Kenneth Boyd,2017-11-28,2025-10-29,2026-02-26,,,https://patents.google.com/patent/US20260057420A1/en,"Embodiments for communicating and displaying collections of image and video clip content with an opt-out interstitial are described. In one example embodiment, a device receives interface information about a group of content collections from a server computer system. When a user inputs a selection &hellip;"
US20260044219A1,A1,application,snap_filed,Virtual manipulation of augmented and virtual reality objects,Snap Inc.,Snap Inc,Mason Spong,2023-09-07,2025-10-22,2026-02-12,,,https://patents.google.com/patent/US20260044219A1/en,"Systems and methods are provided. For example, a method includes determining a position of a user&#39;s hand and identifying a manipulation gesture performed by the user targeting a virtual object. The method also includes determining a three-dimensional (3D) origin point based on the position of the &hellip;"
US20260044943A1,A1,application,snap_filed,Location mapping for large scale augmented-reality,Snap Inc.,Snap Inc,Richard McCormack,2020-03-27,2025-10-21,2026-02-12,,,https://patents.google.com/patent/US20260044943A1/en,"&hellip;  location data of the data object. For example, the point cloud module 306 may <b>assign</b> the point cloud to a geo-fence that encompasses a location. In some embodiments, assigning the point cloud to a location may include aligning the point cloud with a location based on landmarks within the location. &hellip;"
US20260038211A1,A1,application,snap_filed,Beautification techniques for 3d data in a messaging system,Snap Inc.,Snap Inc,Kyle Goodrich,2019-08-28,2025-10-08,2026-02-05,,,https://patents.google.com/patent/US20260038211A1/en,"The subject technology applies, to image data and depth data, a 3D effect including at least one beautification operation based on an augmented reality content generator, the 3D effect including a beautification operation, the beautification operation comprising modifying image data, the image &hellip;"
US20260030302A1,A1,application,snap_filed,Searching social media content,Snap Inc.,Snap Inc,Newar Husam Al Majid,2017-02-17,2025-09-29,2026-01-29,,,https://patents.google.com/patent/US20260030302A1/en,"Various embodiments provide for systems, methods, and computer-readable storage media that improve media content search functionality and curation of media content. For instance, various embodiments described in this document provide features that can present media content items in the form of &hellip;"
US20260017328A1,A1,application,snap_filed,Automatic techniques for constructing an evolving interest taxonomy from user- &hellip;,Snap Inc.,Snap Inc,Jason Brewer,2024-02-08,2025-09-23,2026-01-15,,,https://patents.google.com/patent/US20260017328A1/en,"&hellip;  example in the training dataset consisting of a visual content (e.g., an image or video) paired with text from an interest category from the interest graph. The model learns to predict if the content-text pair exhibits a semantic match, without needing to <b>assign</b> the content to a single class. Once &hellip;"
US20260017316A1,A1,application,snap_filed,Content navigation with automated curation,Snap Inc.,Snap Inc,Jianchao Yang,2016-06-30,2025-09-22,2026-01-15,,,https://patents.google.com/patent/US20260017316A1/en,"Systems, devices, methods, media, and instructions for automated image processing and content curation are described. In one embodiment a server computer system communicates at least a portion of a first content collection to a first client device, and receives a first selection communication in &hellip;"
US20260019655A1,A1,application,snap_filed,Machine learning model continuous training system,Snap Inc.,Snap Inc,Kevin Sarabia Dela Rosa,2023-05-31,2025-09-18,2026-01-15,,,https://patents.google.com/patent/US20260019655A1/en,"Described is a system for performing a set of machine learning model training operations that include: accessing media content items associated with interaction functions initiated by users of an interaction system, generating training data including labels for the media content items, extracting &hellip;"
US20260016885A1,A1,application,snap_filed,Timelapse re-experiencing system,Snap Inc.,Snap Inc,Rajan Vaish,2022-08-31,2025-09-17,2026-01-15,,,https://patents.google.com/patent/US20260016885A1/en,"A system captures via one or more sensors of a computing device, data of an environment observed by the one or more sensors at a first timeslot, and stores the data in a data store as a first portion of a timelapse memory experience. The system also captures, via the one or more sensors of a &hellip;"
WO2026055657A1,A1,application,snap_filed,Adaptive posegraph-based localization,Snap Inc.,Snap Inc,Markus Diem,2024-09-09,2025-09-09,2026-03-12,,,https://patents.google.com/patent/WO2026055657A1/en,"&hellip;  -device detection, UWB measurements, and Bluetooth signal strength. In some examples, the posegraph optimization system 214 may <b>assign</b> confidence values to different types of observations and uses optimization techniques like Bundle Adjustment to refine the posegraph and minimize accumulated errors."
US20250390411A1,A1,application,snap_filed,Optimized ml model loading using predicted usage and device state,Snap Inc.,Snap Inc,Lucas Rangit Magasweran,2021-12-31,2025-08-28,2025-12-25,,,https://patents.google.com/patent/US20250390411A1/en,"Techniques for Machine Learning (ML) model management are provided for a resource-constrained device such as an electronic eyewear device (e.g., SPECTACLES® available from <b>Snap, Inc</b>. of Santa Monica, CA) that may have a limited amount of operating memory and only intermittent access to WI-FI®. This &hellip;"
US20250362938A1,A1,application,snap_filed,Interface to configure media content,Snap Inc.,Snap Inc,Ashley Michelle Wayne,2018-11-30,2025-08-05,2025-11-27,,,https://patents.google.com/patent/US20250362938A1/en,"Embodiments of the present disclosure relate to systems for performing operations that include: receiving a first media object, such as a digital representation of a logo (e.g., JPEG, TIFF, PNG, BMP, etc.), wherein the first media object comprises at least color data that defines a set of colors &hellip;"
US20250356569A1,A1,application,snap_filed,Unsupervised volumetric animation,Snap Inc.,Snap Inc,Menglei Chai,2022-12-28,2025-07-29,2025-11-20,,,https://patents.google.com/patent/US20250356569A1/en,"The UVA system includes a canonical voxel generator to produce a volumetric representation of the non-rigid deformable object, wherein the non-rigid deformable object is represented as a set of moving rigid parts, and to <b>assign</b> each 3D point of the non-rigid deformable object to a corresponding &hellip;"
US20250350707A1,A1,application,snap_filed,Headware with computer and optical element for use therewith and systems &hellip;,Snap Inc.,Snap Inc,Erick Miller,2011-05-11,2025-07-23,2025-11-13,,,https://patents.google.com/patent/US20250350707A1/en,"An apparatus for mounting on a head including a frame, A face-wearable near-ocular optics and a micro-display for displaying data in front of the eyes is provided. A computing device is coupled to the micro-display. At least one sensor is coupled to the computing device for receiving biometric &hellip;"
US20250348533A1,A1,application,snap_filed,Prioritized device actions triggered by device scan data,Snap Inc.,Snap Inc,Kirk Ouimet,2015-09-15,2025-07-17,2025-11-13,,,https://patents.google.com/patent/US20250348533A1/en,"Systems, methods, devices, server computers, storage media, and instructions for prioritized device action triggered by device scan data are described. In one embodiment, a mobile device performs a method that involves executing a messaging application with an image capture interface and a &hellip;"
US20250329068A1,A1,application,snap_filed,Image generation using surface-based neural synthesis,Snap Inc.,Snap Inc,Iason Kokkinos,2019-11-15,2025-07-03,2025-10-23,,,https://patents.google.com/patent/US20250329068A1/en,"CLAIM FOR PRIORITY This present application is a continuation of U.S. patent application Ser. No. 17/812,864, filed Jul. 15, 2022, which is a continuation of U.S. patent application Ser. No. 16/949,773, filed Nov. 13, 2020, which claims the benefit of priority to U.S. Provisional Application Ser."
US20250329181A1,A1,application,snap_filed,On-device two step approximate string matching,Snap Inc.,Snap Inc,Vasyl Pihur,2021-12-28,2025-06-30,2025-10-23,,,https://patents.google.com/patent/US20250329181A1/en,"According to certain embodiments, subsequent to generating the one or more bigrams, the fuzzy search system may <b>assign</b> a weight to each of the one or more skip bigrams, wherein the weight may be represented as λ k , where λ is the decay parameter and k is the order of the skip-bigram. In a case when &hellip;"
US20250329096A1,A1,application,snap_filed,Animated expressive icon,Snap Inc.,Snap Inc,Newar Husam Al Majid,2018-02-28,2025-06-30,2025-10-23,,,https://patents.google.com/patent/US20250329096A1/en,"&hellip;  the expressive icon system 124 to capture facial tracking data, <b>assign</b> the facial tracking data to a graphical icon (e.g., a bitmoji, an animated expressive icon), and present the graphical icon based on the facial tracking data, according to some example embodiments. The expressive icon system 124"
US20250308176A1,A1,application,snap_filed,Generating user interfaces displaying augmented reality graphics,Snap Inc.,Snap Inc,Sharon Moll,2023-02-21,2025-06-10,2025-10-02,,,https://patents.google.com/patent/US20250308176A1/en,An Augmented Reality (AR) graphics system is provided. The AR graphics system may coordinate the display of augmented reality graphics created by multiple users located in an environment. The AR graphics system may determine an alignment object located in the environment that is designated as a &hellip;
US20250299248A1,A1,application,other_assignee,"Augmented reality social media platform, systems, and methods related thereto","Flying Eye Reality, Inc.",Snap Inc,Raymond Charles Shingler,2023-01-12,2025-06-04,2025-09-25,,,https://patents.google.com/patent/US20250299248A1/en,Augmented reality social media platforms and methods of managing the same in which a real-world defined area is virtually mapped to include a plurality of leasable virtual subdivisions each corresponding to a real-world subdivision of the real-world defined area. A platform may <b>assign</b> a virtual &hellip;
US20250291416A1,A1,application,snap_filed,Emg speech signal detection,Snap Inc.,Snap Inc,Mark Kliger,2023-04-17,2025-06-02,2025-09-18,,,https://patents.google.com/patent/US20250291416A1/en,"Methods and systems are disclosed for training a machine learning (ML) model to detect inner speech. The system collects, by an electromyograph (EMG) communication device used by a user, a first set of EMG signals over a first time interval. The system generates a first plurality of features based &hellip;"
US20250285391A1,A1,application,snap_filed,Virtual surface modification,Snap Inc.,Snap Inc,Kyle Goodrich,2018-12-20,2025-05-22,2025-09-11,,,https://patents.google.com/patent/US20250285391A1/en,Aspects of the present disclosure involve a system comprising a computer-readable storage medium storing at least one program and a method for rendering virtual modifications to real-world environments depicted in image content. A reference surface is detected in a three-dimensional (3D) space &hellip;
US20250278781A1,A1,application,snap_filed,Home based augmented reality shopping,Snap Inc.,Snap Inc,Avihay Assouline,2021-04-12,2025-05-08,2025-09-04,,,https://patents.google.com/patent/US20250278781A1/en,Aspects of the present disclosure involve a system comprising a computer-readable storage medium storing a program and a method for performing operations comprising: receiving a video that includes a depiction of one or more objects in a room within a home; determining a room classification for &hellip;
US20250252685A1,A1,application,snap_filed,Augmented reality anamorphosis system,Snap Inc.,Snap Inc,Piers George Cowburn,2017-02-17,2025-04-23,2025-08-07,,,https://patents.google.com/patent/US20250252685A1/en,"In some example embodiments, users may generate and tag their own anamorphic media to locations. A user at a location may generate anamorphic media to be displayed in a space, and <b>assign</b> the anamorphic media to a position in the space. For example, the user may specify the position of the &hellip;"
US20250265791A1,A1,application,snap_filed,Ar position and orientation along a plane,Snap Inc.,Snap Inc,Avihay Assouline,2021-12-30,2025-04-10,2025-08-21,,,https://patents.google.com/patent/US20250265791A1/en,Aspects of the present disclosure involve a system for presenting AR items. The system performs operations including receiving a video that includes a depiction of one or more real-world objects in a real-world environment and obtaining depth data related to the real-world environment. The &hellip;
US20250240342A1,A1,application,snap_filed,Content collection navigation and autoforwarding,Snap Inc.,Snap Inc,Jacob Andreou,2016-03-29,2025-03-13,2025-07-24,,,https://patents.google.com/patent/US20250240342A1/en,"Systems and methods for communicating and displaying collections of image and video clip content are described. In one example embodiment, a device receives interface information about a group of content collections from a server computer system. When a user inputs a selection of a first content &hellip;"
US20250225981A1,A1,application,snap_filed,Messaging system with trend analysis of content,Snap Inc.,Snap Inc,Leonardo Ribas Machado das Neves,2020-04-24,2025-02-28,2025-07-10,,https://patentimages.storage.googleapis.com/c3/8e/34/1bae77040ccee3/US20250225981A1.pdf,https://patents.google.com/patent/US20250225981A1/en,A messaging system performs trend analysis on content produced by users of the messaging system. The messaging system is configured to extract modifications from content items received from client devices associated with users where the content items are modified using the modifications that &hellip;
US20250190050A1,A1,application,snap_filed,Bending-assisted calibration for extended reality tracking,Snap Inc.,Snap Inc,Thomas Faeulhammer,2023-09-29,2025-02-20,2025-06-12,,https://patentimages.storage.googleapis.com/89/63/98/800ffbe59ada07/US20250190050A1.pdf,https://patents.google.com/patent/US20250190050A1/en,"Bending data is used to facilitate tracking operations of an extended reality (XR) device, such as hand tracking or other object tracking operations. The XR device obtains bending data indicative of bending of the XR device to accommodate a body part of a user wearing the XR device. The XR device &hellip;"
US20250181170A1,A1,application,snap_filed,Vibrational input elements,Snap Inc.,Snap Inc,Chang Xiao,2019-03-29,2025-02-05,2025-06-05,,https://patentimages.storage.googleapis.com/d5/7f/d0/c78fd01bce458a/US20250181170A1.pdf,https://patents.google.com/patent/US20250181170A1/en,Systems and methods are provided that relate to vibrational input elements configured to provide inputs to control an application executed by a mobile computing device. The vibrational input elements may produce distinct vibration patterns that are detectable by a sensor of the mobile computing &hellip;
US20250181212A1,A1,application,snap_filed,Content discovery refresh,Snap Inc.,Snap Inc,Michael Brian Murray,2017-11-28,2025-02-05,2025-06-05,,https://patentimages.storage.googleapis.com/7e/fa/4b/d71beb12b918c0/US20250181212A1.pdf,https://patents.google.com/patent/US20250181212A1/en,"&hellip;  to users that are very close to this location. Rather than making the story available to all users within a larger geographic area, the system may automatically <b>assign</b> an area to the story, and may make the story available only to users in the area that was generated and assigned for that story."
WO2025170912A1,A1,application,snap_filed,3d mask generation,Snap Inc.,Snap Inc,Sergei Korolev,2024-02-08,2025-02-04,2025-08-14,,,https://patents.google.com/patent/WO2025170912A1/en,A three-dimensional (3D) trainable mask is geometrically adjusted based on two- dimensional (2D) images of a target image. The 3D trainable mask is applied to a face of a user within an image. Example methods include rendering a trainable three-dimensional (3D) mask to generate a two-dimensional ( &hellip;
US20250168488A1,A1,application,snap_filed,Scaled perspective zoom on resource constrained devices,Snap Inc.,Snap Inc,Linjie LUO,2017-06-15,2025-01-17,2025-05-22,,https://patentimages.storage.googleapis.com/d6/8f/98/1726296c5e2dcd/US20250168488A1.pdf,https://patents.google.com/patent/US20250168488A1/en,"A dolly zoom effect can be applied to one or more images captured via a resource-constrained device (e.g., a mobile smartphone) by manipulating the size of a target feature while the background in the one or more images changes due to physical movement of the resource-constrained device. The &hellip;"
US20250157162A1,A1,application,snap_filed,Orientation of augmented content in interaction systems,Snap Inc.,Snap Inc,Luke Cartwright,2023-03-21,2025-01-16,2025-05-15,,https://patentimages.storage.googleapis.com/04/35/4d/7deaf377202c1d/US20250157162A1.pdf,https://patents.google.com/patent/US20250157162A1/en,"&hellip;  direction and determines a reference angle between the imaginary reference plane and the second viewing direction. Based on the reference angle, the apparatus <b>assign</b> one of a billboard display mode and a headlock display mode (or combination) to the augmented content presented in the display."
US20250184460A1,A1,application,snap_filed,Effects for 3d data in a messaging system,Snap Inc.,Snap Inc,Kyle Goodrich,2019-08-28,2025-01-03,2025-06-05,,https://patentimages.storage.googleapis.com/da/b9/a3/d69698e476b89c/US20250184460A1.pdf,https://patents.google.com/patent/US20250184460A1/en,"The subject technology receives, at a client device, a selection of a selectable graphical item from a plurality of selectable graphical items, the selectable graphical item comprising an augmented reality content generator including a 3D effect. The subject technology applies, to image data and &hellip;"
US20250086909A1,A1,application,snap_filed,Augmented reality content generators including 3d data in a messaging system,Snap Inc.,Snap Inc,Kyle Goodrich,2020-04-13,2024-11-21,2025-03-13,,https://patentimages.storage.googleapis.com/d5/64/c4/2d074b320ea2ab/US20250086909A1.pdf,https://patents.google.com/patent/US20250086909A1/en,The subject technology generates a segmentation mask based on first image data. The subject technology applies the segmentation mask on first depth data to reduce a set of artifacts in a depth map based on the first depth data. The subject technology generates a packed depth map based at least in &hellip;
US20250063009A1,A1,application,snap_filed,Media item attachment system,Snap Inc.,Snap Inc,Newar Husam Al-Majid,2017-02-20,2024-11-07,2025-02-20,,https://patentimages.storage.googleapis.com/fe/e6/10/87cd8f7a2b0ea0/US20250063009A1.pdf,https://patents.google.com/patent/US20250063009A1/en,"A user at a first client device generates media content (e.g., digital video) to attach to a message to a second client device. In response to attaching the media content top the message, the media attachment system prompts the user to <b>assign</b> an address to second media content to the message. For &hellip;"
US20250061730A1,A1,application,snap_filed,Scene reconstruction in three-dimensions from two-dimensional images,Snap Inc.,Snap Inc,Riza Alp Guler,2019-06-17,2024-11-04,2025-02-20,,https://patentimages.storage.googleapis.com/dc/f9/42/1a3a5f1cdf3722/US20250061730A1.pdf,https://patents.google.com/patent/US20250061730A1/en,"This specification relates to reconstructing three-dimensional (3D) scenes from two-dimensional (2D) images using a neural network. According to a first aspect of this specification, there is described a method for creating a three-dimensional reconstruction of a scene with multiple objects from a &hellip;"
US20250022238A1,A1,application,snap_filed,9-dof object tracking,Snap Inc.,Snap Inc,Itamar Berger,2022-09-30,2024-10-02,2025-01-16,,https://patentimages.storage.googleapis.com/67/f2/87/6385610cd9a123/US20250022238A1.pdf,https://patents.google.com/patent/US20250022238A1/en,Aspects of the present disclosure involve a system for presenting AR items. The system receives a video that includes a depiction of a real-world object in a real-world environment. The system generates a three-dimensional (3D) bounding box for the real-world object and stabilizes the 3D bounding &hellip;
US20240402877A1,A1,application,snap_filed,Map-based graphical user interface indicating geospatial activity metrics,Snap Inc.,Snap Inc,Daniel Amitay,2017-04-27,2024-08-12,2024-12-05,,https://patentimages.storage.googleapis.com/ca/14/1d/2e7ee106583ff0/US20240402877A1.pdf,https://patents.google.com/patent/US20240402877A1/en,"A map-based graphical user interface (GUI) for a public messaging platform allows a user location-based to their own expired ephemeral content. Such expired content is no longer available to other users for online viewing. The user can, however, switch the GUI between a live mode and a historical &hellip;"
US20240393925A1,A1,application,snap_filed,Messaging system for resurfacing content items,Snap Inc.,Snap Inc,Jonathan Dale Brody,2020-12-21,2024-08-07,2024-11-28,,https://patentimages.storage.googleapis.com/ff/75/8c/42e11b442b72cf/US20240393925A1.pdf,https://patents.google.com/patent/US20240393925A1/en,wherein determining the score to <b>assign</b> to the interaction further comprises: incrementing a number of times the interaction is performed each time the user performs the interaction on the content item; determining a score to <b>assign</b> to the interaction using a first weight for the interaction if the &hellip;
CN121816734A,A,application,snap_filed,Automatic ranking and display of user groups in a messaging system,斯纳普公司,Snap Inc,伊莎贝尔·阿尔维,2023-08-07,2024-08-07,2026-04-07,,,https://patents.google.com/patent/CN121816734A/en,"&hellip;  their status as set-top groups with graphical icons. In some implementations, the user may provide input to <b>assign</b> their selected graphical icons (such as emoticons, digital emoticons, or symbols) to display alongside each of their set-top groups in order to visually identify the set-top groups."
US20240393924A1,A1,application,snap_filed,Message thread prioritization interface,Snap Inc.,Snap Inc,Jeremy Voss,2019-08-05,2024-08-01,2024-11-28,,https://patentimages.storage.googleapis.com/a5/88/e8/86556327ade087/US20240393924A1.pdf,https://patents.google.com/patent/US20240393924A1/en,"Responsive to allocating a message thread to the allocable region, the message prioritization interface may <b>assign</b> one or more graphical icons to the display of the message thread to provide an indication that the message thread has been pinned to the first position in the GUI that correspond with &hellip;"
US20240362863A1,A1,application,snap_filed,Location based augmented-reality system,Snap Inc.,Snap Inc,Piers George Cowburn,2019-04-04,2024-07-05,2024-10-31,,https://patentimages.storage.googleapis.com/6f/d8/9b/3c6f9d5f259943/US20240362863A1.pdf,https://patents.google.com/patent/US20240362863A1/en,"In some example embodiments, the media content includes 3D typography. For example, the location-based AR system may <b>assign</b> a set of geo-location coordinates to the 3D typography and present the 3D typography as AR content in a presentation of an image at a client device. A text string f the 3D &hellip;"
US20240323641A1,A1,application,snap_filed,Visitation tracking system,Snap Inc.,Snap Inc,Xueyin Chen,2018-04-18,2024-06-04,2024-09-26,,https://patentimages.storage.googleapis.com/e1/49/b6/dc9eefb7c68fd5/US20240323641A1.pdf,https://patents.google.com/patent/US20240323641A1/en,"&hellip;  as the user is riding along a path to a destination, the visitation tracking system retrieves location data that identifies a location of the client device at any given time along the drive. As discussed above, the visitation tracking system may additionally <b>assign</b> time-stamps to the location data."
KR20260018968A,A,application,snap_filed,Presenting media content as memories,스냅 인코포레이티드,Snap Inc,네이선 케네스 보이드,2023-06-02,2024-05-30,2026-02-09,,,https://patents.google.com/patent/KR20260018968A/en,"As a system, one or more hardware processors; and At least one memory storing instructions that cause one or more hardware processors to perform operations, wherein the operations are: An action to retrieve a first set of media content captured by an interactive client included in a client device;"
US20240320417A1,A1,application,snap_filed,Annotating a collection of media content items,Snap Inc.,Snap Inc,Newar Husam Al Majid,2018-03-30,2024-05-29,2024-09-26,,https://patentimages.storage.googleapis.com/3e/c4/d6/902dd55fde374d/US20240320417A1.pdf,https://patents.google.com/patent/US20240320417A1/en,"Various embodiments provide for systems, methods, and computer-readable storage media for annotating a collection of media items, such as digital images. According to some embodiments, an annotation system automatically determines one or more annotations for a plurality of media content items, and &hellip;"
US20240314100A1,A1,application,snap_filed,Messaging system of partial and out-of-order events,Snap Inc.,Snap Inc,Bradley Baron,2020-03-31,2024-05-28,2024-09-19,,https://patentimages.storage.googleapis.com/e3/64/9b/3dd4a11a42172d/US20240314100A1.pdf,https://patents.google.com/patent/US20240314100A1/en,"Methods, systems, and computer readable medium are provided for receiving an event message in a plurality of event messages, the event message comprising a sequence number and associated data, identifying the event message as an out-of-order event message based on the sequence number, assigning a &hellip;"
US20240302932A1,A1,application,snap_filed,Standardized ar interfaces for iot devices,Snap Inc.,Snap Inc,Sven Kratz,2022-06-15,2024-05-16,2024-09-12,,https://patentimages.storage.googleapis.com/af/7b/7f/aeea56cec59e2a/US20240302932A1.pdf,https://patents.google.com/patent/US20240302932A1/en,"&hellip;  for use with the system are described. By utilizing a camera on various messaging or AR platforms, such as SNAPCHAT® or SPECTACLES™ available from <b>Snap, Inc</b>. of Santa Monica, California, users may create fun and immersive ways of interacting with IoT devices through the standardized AR interfaces."
CN121127813A,A,application,snap_filed,Augmented Reality Mood Board,斯纳普公司,Snap Inc,卢克·卡特赖特,2023-05-04,2024-04-26,2025-12-12,,,https://patents.google.com/patent/CN121127813A/en,"&hellip;  , an &#34;augmented reality effect&#34; includes a collection of data, parameters, and other assets for applying a selected augmented reality experience to an image or video feed. In some examples, the augmented reality effect is provided by <b>Snap inc</b> (sinapu corporation) under registered trademark LENSES."
US20240273136A1,A1,application,snap_filed,Systems and methods for mobile image search,Snap Inc.,Snap Inc,Jonathan Brody,2016-07-05,2024-04-23,2024-08-15,,https://patentimages.storage.googleapis.com/72/d6/40/fee1399259e0cf/US20240273136A1.pdf,https://patents.google.com/patent/US20240273136A1/en,&hellip;  of the first image in a neural network to determine one or more characteristics of the image data selected from a set of tags and based at least in part on image content of the first image; processing the one or more characteristics to <b>assign</b> a privacy status indicator for the image data; and &hellip;
US20240273154A1,A1,application,snap_filed,Automatic article enrichment by social media trends,Eran Cohen,Snap Inc,Eran Cohen,2014-06-05,2024-04-22,2024-08-15,,https://patentimages.storage.googleapis.com/49/3b/82/6253289cff2950/US20240273154A1.pdf,https://patents.google.com/patent/US20240273154A1/en,"There is provided a method for creating a presentation based on grouping of social media content, comprising: receiving a trend represented by at least one term; sending first requests to social network servers, each request including the at least one term; aggregating first user uploaded media &hellip;"
US12567102B2,B2,grant,snap_filed,Customized virtual store,Snap Inc.,Snap Inc,Itamar Berger,2021-05-19,2024-04-04,2026-03-03,2026-03-03,,https://patents.google.com/patent/US12567102B2/en,"Aspects of the present disclosure involve a system comprising a computer-readable storage medium storing a program and a method for performing operations comprising: receiving, from a client device of a first user, a request from the first user to engage in an AR shopping experience curated by a &hellip;"
US20240251004A1,A1,application,snap_filed,Dynamically assigning participant video feeds within virtual conferencing &hellip;,Snap Inc.,Snap Inc,Emily Cho,2022-09-20,2024-04-03,2024-07-25,,https://patentimages.storage.googleapis.com/be/38/e8/5d4067d1b2b671/US20240251004A1.pdf,https://patents.google.com/patent/US20240251004A1/en,"By virtue of allowing a user to customize sets of rooms with respective numbers of participant video elements (e.g., seating capacities), and to dynamically <b>assign</b> participant video feeds to participant video elements during virtual conferencing, it is possible for the user to create different &hellip;"
US20240296066A1,A1,application,snap_filed,Asynchronous task framework,Snap Inc.,Snap Inc,Ryan Olson,2023-03-03,2024-03-01,2024-09-05,,https://patentimages.storage.googleapis.com/33/12/a4/5796f2b81db8ff/US20240296066A1.pdf,https://patents.google.com/patent/US20240296066A1/en,"14 . The system of claim 13 , wherein the publisher is further configured to: <b>assign</b> the marshalled tasks and provide the gathered data to the relayers; wherein the relayers are further configured to unmarshall the tasks. 15 . A non-transitory computer-readable storage medium storing instructions that &hellip;"
US20240205289A1,A1,application,snap_filed,Dynamically assigning storage locations for messaging system data,Snap Inc.,Snap Inc,Bradley Baron,2020-03-31,2024-02-28,2024-06-20,,https://patentimages.storage.googleapis.com/fb/20/b9/ad62a501a5c62c/US20240205289A1.pdf,https://patents.google.com/patent/US20240205289A1/en,124 in the client device 102 to exchange data used identify and <b>assign</b> storage locations to data associated with a user and data associated with a communication session including a plurality of users. The data storage server controller 126 can also be coupled to the messaging server application 114
US12580784B2,B2,grant,snap_filed,Shared augmented reality experience in video chat,Snap Inc.,Snap Inc,Nathan Richard Banks,2022-04-25,2024-02-27,2026-03-17,2026-03-17,,https://patents.google.com/patent/US12580784B2/en,"Methods and systems are disclosed for performing operations for providing a shared augmented reality experience in a video chat. A video chat can be established between a plurality of client devices. During the video chat, videos of users associated with the client devices can be displayed. During &hellip;"
EP4662626A1,A1,application,snap_filed,Browsing-based augmented reality try-on experience,Snap Inc.,Snap Inc,Matan Zohar,2023-02-09,2024-02-08,2025-12-17,,,https://patents.google.com/patent/EP4662626A1/en,"Aspects of the present disclosure involve a system for providing a browsing-based augmented reality (AR) try-on experience. The system displays a graphical user interface (GUI) comprising a set of fashion items. The system receives a real-time video feed from a camera of the device, the real-time &hellip;"
KR20250143111A,A,application,snap_filed,Chatbots for Interaction Platforms,스냅 인코포레이티드,Snap Inc,윌리엄 스펜서 멀리건,2023-02-06,2024-02-05,2025-09-30,,,https://patents.google.com/patent/KR20250143111A/en,"A chatbot system for filtering conversational content. The chatbot system receives user prompts from a client system during an interaction session. The chatbot system filters the user prompts based on a set of platform policies, generates responses based on the filtered user prompts, and &hellip;"
US12238057B2,B2,grant,snap_filed,Prohibited content propagation using a social network data structure,Snap Inc.,Snap Inc,Mette F. M. Hammer,2010-06-29,2023-12-14,2025-02-25,2025-02-25,https://patentimages.storage.googleapis.com/14/88/c8/4c7117fe33e0a6/US12238057.pdf,https://patents.google.com/patent/US12238057B2/en,"&hellip;  with a proximity policy which can enable a sender node to control which recipient nodes within the social network can receive the email. For instance, Alice can <b>assign</b> a proximity policy to her email to Bob, who can be prohibited from forwarding the email to anyone outside Alice&#39;s social network."
US12287961B2,B2,grant,snap_filed,Providing bot participants within a virtual conferencing system,Snap Inc.,Snap Inc,Andrew Cheng-min Lin,2022-07-09,2023-12-08,2025-04-29,2025-04-29,https://patentimages.storage.googleapis.com/a7/74/4e/263b399fef0ee8/US12287961B2.pdf,https://patents.google.com/patent/US12287961B2/en,"Aspects of the present disclosure involve a system comprising a computer-readable storage medium storing a program and method for providing bot participants for virtual conferencing. The program and method provide, in association with designing a virtual space, a first interface for configuring &hellip;"
US20240045899A1,A1,application,snap_filed,Icon based tagging,Snap Inc.,Snap Inc,Luis Carlos Dos Santos Marujo,2018-02-13,2023-10-18,2024-02-08,,https://patentimages.storage.googleapis.com/8f/0a/0f/dbd70816ea00f3/US20240045899A1.pdf,https://patents.google.com/patent/US20240045899A1/en,"Example embodiments described herein relate to an icon based tagging system to associate a graphical icon (e.g., an emoji) with a data category, receive media content that includes a data object and the graphical icon, <b>assign</b> the media content to the data category based on the presence of the &hellip;"
US20230419578A1,A1,application,snap_filed,State-space system for pseudorandom animation,Snap Inc.,Snap Inc,Gurunandan Krishnan Gorumkonda,2019-09-30,2023-09-06,2023-12-28,,https://patentimages.storage.googleapis.com/6a/06/6a/ceb371124cefd6/US20230419578A1.pdf,https://patents.google.com/patent/US20230419578A1/en,"The control points can have possible motions assigned to describe all possible movements of all parts of the model. A designer can then <b>assign</b> a probability to each motion, so that during a displayed animation, the likelihood of certain motions occurring are set probabilistically by the designer."
WO2024044544A1,A1,application,snap_filed,Grouping similar words in a language model,Snap Inc.,Snap Inc,Jackie Assa,2022-08-22,2023-08-21,2024-02-29,,https://patentimages.storage.googleapis.com/07/ec/9e/d23d176b3483ad/WO2024044544A1.pdf,https://patents.google.com/patent/WO2024044544A1/en,"Systems and methods are provided for performing automated speech recognition. The systems and methods access a LM that includes a plurality of n-grams, each of the plurality of n-grams comprising a respective sequence of words and corresponding LM score and receive a list of words associated with &hellip;"
KR20250056239A,A,application,snap_filed,Social memory re-experience system,스냅 인코포레이티드,Snap Inc,라잔 바이쉬,2022-08-31,2023-08-16,2025-04-25,,https://patentimages.storage.googleapis.com/df/2f/a4/29ba60aa176086/KR20250056239A.pdf,https://patents.google.com/patent/KR20250056239A/en,"The system monitors a user environment via one or more sensors included in the computing device, and detects, via a trigger, that event data is stored in a data store based on such monitoring. The system further detects one or more participants from the event data, and invites the one or more &hellip;"
WO2024026033A1,A1,application,snap_filed,Detection of unwanted calls or caller intent based on a fusion of acoustic and &hellip;,Realnetworks Llc,Snap Inc,Branimir DROPULJIC,2022-07-29,2023-07-27,2024-02-01,,https://patentimages.storage.googleapis.com/ef/fb/81/aa5cdd89eede21/WO2024026033A1.pdf,https://patents.google.com/patent/WO2024026033A1/en,"16. The computing device of claim 11, wherein the processor assigns the text categories for the call by further executing the computer instructions to: employ a modified classical transformer-based text architecture on the speech signal to <b>assign</b> the text categories, wherein the modified classical &hellip;"
US20240169456A1,A1,application,snap_filed,"Open house realty system, server and method",Shannon Lee Quagliata,Snap Inc,Shannon Lee Quagliata,2018-03-13,2023-06-20,2024-05-23,,https://patentimages.storage.googleapis.com/f9/6e/af/5603fad2524542/US20240169456A1.pdf,https://patents.google.com/patent/US20240169456A1/en,"Some embodiments include a computer-implemented method of providing a computer system including a processor and access to at least one coupled source of real estate records. A storage medium includes program logic that when executed by a coupled processor, causes the computer system to access or &hellip;"
US20230316746A1,A1,application,snap_filed,Shared augmented reality system,Snap Inc.,Snap Inc,David Li,2020-03-27,2023-05-31,2023-10-05,,https://patentimages.storage.googleapis.com/77/2f/f7/e45bf3121cd6ea/US20230316746A1.pdf,https://patents.google.com/patent/US20230316746A1/en,"In some embodiments, the shared AR system may <b>assign</b> a user of the client device to a “team” responsive to detecting the client device associated with the user at a location. Detection of the client device at a location may be based on a geo-fence that encompasses the location, location data &hellip;"
CN119256326A,A,application,snap_filed,Creating an Enhanced Content Item,斯纳普公司,Snap Inc,丹尼尔·文森特·格里皮,2022-05-23,2023-05-18,2025-01-03,,https://patentimages.storage.googleapis.com/fb/f6/cf/3b9c9640124e2b/CN119256326A.pdf,https://patents.google.com/patent/CN119256326A/en,The third-party user input content item is presented on a user device of the user. A first content enhancement of the third-party user input content item is determined by the first content enhancement function. A camera graphical element is presented. The camera graphical element is selectable by &hellip;
US20230281930A1,A1,application,snap_filed,Providing 3d data for messages in a messaging system,Snap Inc.,Snap Inc,Kyle Goodrich,2019-08-28,2023-05-05,2023-09-07,,https://patentimages.storage.googleapis.com/12/48/55/34bc0d6f08f7e8/US20230281930A1.pdf,https://patents.google.com/patent/US20230281930A1/en,"The subject technology generates depth data using a machine learning model based at least in part on captured image data from at least one camera of a client device. The subject technology applies, to the captured image data and the generated depth data, a 3D effect based at least in part on an &hellip;"
US20230260180A1,A1,application,snap_filed,Automated dance animation,Snap Inc.,Snap Inc,Gurunandan Krishnan Gorumkonda,2019-09-30,2023-04-25,2023-08-17,,https://patentimages.storage.googleapis.com/5f/90/0b/93bc7275340708/US20230260180A1.pdf,https://patents.google.com/patent/US20230260180A1/en,"The control points can have possible motions assigned to describe all possible movements of all parts of the model. A designer can then <b>assign</b> a probability to each motion, so that during a displayed animation, the likelihood of certain motions occurring are set probabilistically by the designer."
US20230262082A1,A1,application,snap_filed,Machine learning powered authentication challenges,Snap Inc.,Snap Inc,Neil Shah,2019-06-24,2023-04-20,2023-08-17,,https://patentimages.storage.googleapis.com/13/2b/3f/40d742b5750af5/US20230262082A1.pdf,https://patents.google.com/patent/US20230262082A1/en,"further associates each login feature vector with an associated challenge response label. For example, the training data generation system 204 may comprise a set of rules which <b>assign</b> each feature in a login feature vector with a predefined risk score. The training data generation system 204"
KR20240137630A,A,application,snap_filed,Object replacement system,스냅 인코포레이티드,Snap Inc,비아체스라브 이바노브,2022-01-19,2023-01-18,2024-09-20,,https://patentimages.storage.googleapis.com/f3/f7/e3/6caf85536f13d3/KR20240137630A.pdf,https://patents.google.com/patent/KR20240137630A/en,"Aspects of the present disclosure involve a system including a computer-readable storage medium storing programs and methods for performing operations, including: receiving an image comprising a depiction of a real-world environment; processing the image to obtain data indicating the presence of a &hellip;"
US20230146563A1,A1,application,snap_filed,Automated image processing and insight presentation,Snap Inc.,Snap Inc,Harsh Agrawal,2019-01-31,2023-01-04,2023-05-11,,https://patentimages.storage.googleapis.com/23/4d/18/538bbf4d020ea5/US20230146563A1.pdf,https://patents.google.com/patent/US20230146563A1/en,"Systems, methods, devices, computer readable instruction media, and other embodiments are described for automated image processing and insight presentation. One embodiment involves receiving a plurality of ephemeral content messages from a plurality of client devices, and processing the messages &hellip;"
US11889381B2,B2,grant,snap_filed,"Generation, curation, and presentation of media collections",Snap Inc.,Snap Inc,Nicholas Richard Allen,2016-02-26,2022-12-29,2024-01-30,2024-01-30,https://patentimages.storage.googleapis.com/be/c4/66/113c8bd88b0198/US11889381.pdf,https://patents.google.com/patent/US11889381B2/en,Systems and methods are provided for receiving input increasing a default predetermined window of time that the new media collection is accessible and activating the new media collection for the increased predetermined window of time and a geographic boundary size for where media content &hellip;
WO2023129441A1,A1,application,snap_filed,Ar position indicator,Snap Inc.,Snap Inc,Avihay ASSOULINE,2021-12-30,2022-12-21,2023-07-06,,https://patentimages.storage.googleapis.com/5e/dc/c0/62b7bdf5ab0cfc/WO2023129441A1.pdf,https://patents.google.com/patent/WO2023129441A1/en,Aspects of the present disclosure involve a system for presenting augmented reality (AR) items. The system performs operations including receiving a video that includes a depiction of a real-world environment and generating a 3D model of the real-world environment based on the video. The &hellip;
WO2023129442A2,A2,application,snap_filed,Augmented reality product recommendations,Snap Inc.,Snap Inc,Avihay ASSOULINE,2021-12-30,2022-12-21,2023-07-06,,https://patentimages.storage.googleapis.com/f8/52/e4/0eb6e99e5dbe94/WO2023129442A2.pdf,https://patents.google.com/patent/WO2023129442A2/en,"What is claimed is: 1. A method comprising: receiving, by one or more processors, a video that includes a depiction of a real -world object in a real -world environment; determining a classification for the real-world environment by processing the real -world object depicted in the video;"
EP4457768A2,A2,application,snap_filed,Ar item placement in a video,Snap Inc.,Snap Inc,Avihay ASSOULINE,2021-12-30,2022-12-13,2024-11-06,,,https://patents.google.com/patent/EP4457768A2/en,Aspects of the present disclosure involve a system for presenting AR items. The system performs operations including receiving a video that includes a depiction of one or more real -world objects in a real -world environment and obtaining depth information related to the real-world environment;
US20230111932A1,A1,application,snap_filed,Spatial vector-based drone control,Snap Inc.,Snap Inc,Simon Saito Haagen Nielsen,2017-10-05,2022-11-03,2023-04-13,,https://patentimages.storage.googleapis.com/c3/48/be/cebed85f854f53/US20230111932A1.pdf,https://patents.google.com/patent/US20230111932A1/en,"Once the drone stabilizes and waits 10 - 15 seconds to lapse, an on-board computer may calculate vector 325 and determine and <b>assign</b> flightpath attributes according to vector 325 . Thus, in this example, the determined flight path 320 is in a direction directly away from operator 305 according to the &hellip;"
US20230032922A1,A1,application,snap_filed,Assigning participants to rooms within a virtual conferencing system,Snap Inc.,Snap Inc,Andrew Cheng-min Lin,2021-03-30,2022-10-11,2023-02-02,,https://patentimages.storage.googleapis.com/d1/a4/07/0022844f6c3da6/US20230032922A1.pdf,https://patents.google.com/patent/US20230032922A1/en,"In addition, room occupancy preferences may include a preference to <b>assign</b> participants to rooms which have available space which have higher audio levels (e.g., corresponding to higher participant conversation). By automatically occupying rooms based on these preferences, it is possible to &hellip;"
US20230076281A1,A1,application,snap_filed,Generating collectible items based on location information,Snap Inc.,Snap Inc,Jonathan Brody,2018-03-14,2022-09-28,2023-03-09,,https://patentimages.storage.googleapis.com/47/b8/e5/e861db08b0d7fd/US20230076281A1.pdf,https://patents.google.com/patent/US20230076281A1/en,Method for generating collectible media content items based on location information starts with processor receiving location information from location sensor coupled to first client computing device. Processor causes a map interface to be displayed that includes avatar of first user at a location &hellip;
CN118044152A,A,application,snap_filed,Control of AR experiences through non-fungible credentials,斯纳普公司,Snap Inc,拉吉夫·阿德瓦尼,2021-09-30,2022-09-22,2024-05-14,,https://patentimages.storage.googleapis.com/26/5a/0c/04c68b3f566498/CN118044152A.pdf,https://patents.google.com/patent/CN118044152A/en,"The first user may obtain a unique NFT generated by the NFT system, such as through an NFT marketplace, and in response, the NFT system may <b>assign</b> a particular right associated with the unique NFT to the first user. Thus, a specifically configured interface may be presented to the first user that &hellip;"
CN117980938A,A,application,snap_filed,Smart predictive A/B testing,斯纳普公司,Snap Inc,阿纳托利·奇克洛夫斯基,2021-08-26,2022-07-29,2024-05-03,,https://patentimages.storage.googleapis.com/2c/4f/ef/41aef3eee98d71/CN117980938A.pdf,https://patents.google.com/patent/CN117980938A/en,An A/B testing system is adapted to include a user correlation engine and an A/B test exposure module. The A/B testing system includes an A/B testing server that provides at least one A/B test to users of a product and collects and analyzes the results of one or more A/B tests to determine &hellip;
US20220368828A1,A1,application,snap_filed,Image capture eyewear with auto-send,Snap Inc.,Snap Inc,Yu Jiang Tham,2018-05-01,2022-07-27,2022-11-17,,https://patentimages.storage.googleapis.com/b5/b2/ec/92e9f4dba3a0df/US20220368828A1.pdf,https://patents.google.com/patent/US20220368828A1/en,"a processor configured to <b>assign</b> one or more recipients to each of the first recipient indicator and the second recipient indicator, cause the display system to distinctly present one of the first recipient indicator or the second recipient indicator, cause the camera to capture the image of the &hellip;"
US20230010905A1,A1,application,snap_filed,Content collection navigation queue,Snap Inc.,Snap Inc,Jacob Andreou,2016-10-07,2022-07-22,2023-01-12,,https://patentimages.storage.googleapis.com/9f/8d/13/5786a10173230c/US20230010905A1.pdf,https://patents.google.com/patent/US20230010905A1/en,"Systems and methods for communicating and displaying collections of images according to a user-selected queue are described. In some example embodiments, a system aggregates content items organized into collections for display to a user on a device. The system receives a selection from the user of &hellip;"
EP4315112A1,A1,application,snap_filed,Determining classification recommendations for user content,Snap Inc.,Snap Inc,Nathan Kenneth BOYD,2021-03-31,2022-03-31,2024-02-07,,,https://patents.google.com/patent/EP4315112A1/en,"In one or more implementations, content generated using a client application may be associated with a classification. A number of classifications may be recommended to users of a client application based on alphanumeric characters entered by the users. Additionally, a number of classifications may &hellip;"
CN116745795A,A,application,snap_filed,Permission-based media composition,斯纳普公司,Snap Inc,克里斯蒂娜·巴龙,2020-12-23,2021-12-15,2023-09-12,,https://patentimages.storage.googleapis.com/8b/65/e8/08e5fe84358e5b/CN116745795A.pdf,https://patents.google.com/patent/CN116745795A/en,"A permission-based media system for performing operations including: presenting a first media object at a client device associated with a user account, the first media object including a reference identifying the user account; The end device receives input to select a first media object;"
US20220156252A1,A1,application,other_assignee,System and method for data collection to validate location data,"Placed, Llc",Snap Inc,David Shim,2012-02-24,2021-11-22,2022-05-19,,https://patentimages.storage.googleapis.com/1a/33/d1/238f7c4a7b94bb/US20220156252A1.pdf,https://patents.google.com/patent/US20220156252A1/en,"For example, the data collection system can be coupled to an inference pipeline which further processes location information. Additional details of the inference pipeline can be found in the <b>assignee&#39;s</b> concurrently filed U.S. patent application Ser. No. 13/405,190 (Attorney Docket No. 76347-8002. &hellip;"
EP4238057A1,A1,application,snap_filed,Adaptive skeletal joint smoothing,Snap Inc.,Snap Inc,Avihay ASSOULINE,2020-10-27,2021-10-27,2023-09-06,,,https://patents.google.com/patent/EP4238057A1/en,Aspects of the present disclosure involve a system comprising a computer-readable storage medium storing a program and a method for performing operations comprising: receiving a video that includes a depiction of a body of a user; detecting a plurality of skeletal joints of the body depicted in &hellip;
US20210227293A1,A1,application,snap_filed,Automated graphical image modification scaling based on rules,Snap Inc.,Snap Inc,Michael Ronald Cieslak,2019-04-23,2021-04-08,2021-07-22,,https://patentimages.storage.googleapis.com/3f/b2/e1/8413f8ccc6a041/US20210227293A1.pdf,https://patents.google.com/patent/US20210227293A1/en,"Aspects of the present disclosure involve systems and methods for performing operations comprising receiving, with a messaging application, user input to access a graphical image modification feature of the messaging application; in response to receiving, causing display of a video; accessing a &hellip;"
US20210216426A1,A1,application,snap_filed,Selectively enabling features based on rules,Snap Inc.,Snap Inc,Michael Ronald Cieslak,2019-04-15,2021-03-29,2021-07-15,,https://patentimages.storage.googleapis.com/d7/e4/6c/30fc7ad7aae0ee/US20210216426A1.pdf,https://patents.google.com/patent/US20210216426A1/en,"&hellip;  , downloading additional code associated with the feature, prefetching video content for a particular user, and so forth. The graphical user interface may also allow the developer to <b>assign</b> a priority or rank to the configuration rule which may be used by the selective feature enabling system 124"
US20210191966A1,A1,application,snap_filed,"Generation, curation, and presentation of media collections",Snap Inc.,Snap Inc,Nicholas Richard Allen,2016-02-26,2021-03-03,2021-06-24,,https://patentimages.storage.googleapis.com/cd/9d/8e/8eb3dd40b17de9/US20210191966A1.pdf,https://patents.google.com/patent/US20210191966A1/en,"Systems and methods are provided for receiving, at a server computer, a plurality of content messages from a plurality of content sources, each content message comprising media content and associated with a predetermined media collection, for each of the plurality of content messages received, &hellip;"
KR20240174531A,A,application,snap_filed,Video generation system to render frames on demand,스냅 인코포레이티드,Snap Inc,앨런 바릴,2020-01-30,2021-01-22,2024-12-17,,https://patentimages.storage.googleapis.com/96/04/25/cb941b532d72da/KR20240174531A.pdf,https://patents.google.com/patent/KR20240174531A/en,A method of generating frames on demand begins with the system receiving a request for a media content item from a client device. The request includes a media content identification and a primary user identification. The system transmits a playlist to the client device including a first set of &hellip;
US11496544B2,B2,grant,snap_filed,Story and sub-story navigation,Snap Inc.,Snap Inc,Maria Pavlovskaia,2015-05-05,2020-12-28,2022-11-08,2022-11-08,https://patentimages.storage.googleapis.com/30/3c/1c/ac4663f52ba06a/US11496544.pdf,https://patents.google.com/patent/US11496544B2/en,"&hellip;  to users that are very close to this location. Rather than making the story available to all users within a larger geographic area, the system may automatically <b>assign</b> an area to the story, and may make the story available only to users in the area that was generated and assigned for that story."
US11356496B2,B2,grant,snap_filed,Systems and methods of publishing a design,Canva Pty Ltd,Snap Inc,Melanie Joy Perkins,2018-03-16,2020-12-23,2022-06-07,2022-06-07,https://patentimages.storage.googleapis.com/9d/19/87/23c49ed2c5b1e9/US11356496.pdf,https://patents.google.com/patent/US11356496B2/en,"A method includes storing, at one or more data storage devices, a design in a platform-independent format. The method also includes generating, at a web front end, a GUI including a publish option associated with the design. The method includes sending the GUI to a client device. The method also &hellip;"
US12572774B2,B2,grant,snap_filed,Neural network processor and method of neural network processing,Snap Inc.,Snap Inc,Amirreza YOUSEFZADEH,2019-12-17,2020-12-17,2026-03-10,2026-03-10,,https://patents.google.com/patent/US12572774B2/en,"&hellip;  is reassigned as Q′. It is noted that in this case, wherein Q′ was set to the original binary state value, the reassignment of Q is superfluous, and can be skipped. Similarly it is not necessary to <b>assign</b> Q′ to Q in case it is determined that the quantized difference ΔX q is zero, so that sub-step S &hellip;"
CN115280357A,A,application,snap_filed,Social media interface,斯纳普公司,Snap Inc,安德鲁·格罗夫纳·库珀,2019-12-04,2020-12-03,2022-11-01,,https://patentimages.storage.googleapis.com/aa/d5/87/fcfa8ce01aa6b5/CN115280357A.pdf,https://patents.google.com/patent/CN115280357A/en,"&hellip;  from a user perspective. The first user may provide input to the interface system that defines user attributes and user data, including a birth date, a birth location, and a birth time. The interface system may then <b>assign</b> one or more symbols to the user profile based on the provided user data. Fig &hellip;"
US20210019929A1,A1,application,snap_filed,Single image-based real-time body animation,Snap Inc.,Snap Inc,Egor Nemchinov,2019-06-07,2020-10-02,2021-01-21,,https://patentimages.storage.googleapis.com/db/c5/74/ba6fbd29a82fea/US20210019929A1.pdf,https://patents.google.com/patent/US20210019929A1/en,&hellip;  to the face of the 2D representation of the mesh; and based on determination that the face does not correspond to the part of the body visible in the input image: generate a predicted face based on the body portion; and <b>assign</b> the predicted face to the face of the 2D representation of the mesh.
WO2021067988A1,A1,application,snap_filed,Automated dance animation,Snap Inc.,Snap Inc,Gurunandan Krishnan Gorumkonda,2019-09-30,2020-09-25,2021-04-08,,https://patentimages.storage.googleapis.com/8f/75/da/b0a31f05e9756b/WO2021067988A1.pdf,https://patents.google.com/patent/WO2021067988A1/en,"and <b>assign</b> a probability value to each motion state of the set of motion states, wherein an associated probability value for an associated motion state of the first control point is associated with a first probability that a displayed animation of the computer animation model will implement the &hellip;"
